signal_id,symbol,target_signal_dt,confidence,Open_t-10,Close_t-10,High_t-10,Low_t-10,Volume_t-10,Open_t-9,Close_t-9,High_t-9,Low_t-9,Volume_t-9,Open_t-8,Close_t-8,High_t-8,Low_t-8,Volume_t-8,Open_t-7,Close_t-7,High_t-7,Low_t-7,Volume_t-7,Open_t-6,Close_t-6,High_t-6,Low_t-6,Volume_t-6,Open_t-5,Close_t-5,High_t-5,Low_t-5,Volume_t-5,Open_t-4,Close_t-4,High_t-4,Low_t-4,Volume_t-4,Open_t-3,Close_t-3,High_t-3,Low_t-3,Volume_t-3,Open_t-2,Close_t-2,High_t-2,Low_t-2,Volume_t-2,Open_t-1,Close_t-1,High_t-1,Low_t-1,Volume_t-1
TATASTEEL_20260417_0915,TATASTEEL,2026-04-17 09:15:00,high,210.67999267578125,210.44000244140625,210.6999969482422,210.4199981689453,566472.0,210.5,210.67999267578125,210.6999969482422,210.3000030517578,460358.0,210.6699981689453,211.0500030517578,211.1999969482422,210.3699951171875,793367.0,211.00999450683594,211.52999877929688,211.60000610351562,210.97000122070312,773820.0,211.52999877929688,211.8300018310547,211.89999389648438,211.4600067138672,564487.0,211.8300018310547,211.75,212.13999938964844,211.5,1139905.0,211.74000549316406,211.7100067138672,211.83999633789062,211.3699951171875,529011.0,211.63999938964844,211.83999633789062,212.07000732421875,211.63999938964844,573658.0,211.83999633789062,212.0399932861328,212.1999969482422,211.77999877929688,929499.0,212.1699981689453,212.25,212.35000610351562,212.0500030517578,895694.0
HAVELLS_20260417_1015,HAVELLS,2026-04-17 10:15:00,medium,1301.0999755859375,1302.0,1304.0999755859375,1301.0999755859375,10418.0,1302.0,1303.5,1304.199951171875,1301.5,8283.0,1303.5,1304.199951171875,1305.0,1302.0,12397.0,1304.199951171875,1303.699951171875,1304.5999755859375,1302.0,12801.0,1303.5999755859375,1302.9000244140625,1304.699951171875,1301.199951171875,13987.0,1302.9000244140625,1304.699951171875,1305.0,1302.300048828125,10973.0,1304.699951171875,1307.5,1307.699951171875,1303.0,17872.0,1307.5,1306.800048828125,1310.0999755859375,1306.5,70882.0,1307.300048828125,1306.9000244140625,1309.0,1303.0999755859375,65959.0,1306.0,1306.0,1307.9000244140625,1304.0,82005.0
ADANIENSOL_20260417_1015,ADANIENSOL,2026-04-17 10:15:00,medium,1228.949951171875,1230.25,1230.550048828125,1228.5999755859375,11835.0,1230.25,1236.8499755859375,1236.949951171875,1230.25,31955.0,1236.3499755859375,1252.75,1255.1500244140625,1236.3499755859375,244926.0,1253.1500244140625,1256.199951171875,1257.0,1251.3499755859375,176614.0,1256.1500244140625,1255.3499755859375,1259.699951171875,1249.4000244140625,691978.0,1255.75,1258.8499755859375,1261.8499755859375,1252.699951171875,707234.0,1258.5,1259.199951171875,1260.0,1254.25,183296.0,1259.5999755859375,1257.800048828125,1262.0,1253.9000244140625,395583.0,1259.0999755859375,1259.4000244140625,1262.0999755859375,1253.6500244140625,212941.0,1259.9000244140625,1259.800048828125,1266.0,1249.949951171875,331963.0
TATASTEEL_20260417_0915,TATASTEEL,2026-04-17 09:15:00,high,210.67999267578125,210.44000244140625,210.6999969482422,210.4199981689453,566472.0,210.5,210.67999267578125,210.6999969482422,210.3000030517578,460358.0,210.6699981689453,211.0500030517578,211.1999969482422,210.3699951171875,793367.0,211.00999450683594,211.52999877929688,211.60000610351562,210.97000122070312,773820.0,211.52999877929688,211.8300018310547,211.89999389648438,211.4600067138672,564487.0,211.8300018310547,211.75,212.13999938964844,211.5,1139905.0,211.74000549316406,211.7100067138672,211.83999633789062,211.3699951171875,529011.0,211.63999938964844,211.83999633789062,212.07000732421875,211.63999938964844,573658.0,211.83999633789062,212.0399932861328,212.1999969482422,211.77999877929688,929499.0,212.1699981689453,212.25,212.35000610351562,212.0500030517578,895694.0
HAVELLS_20260417_0915,HAVELLS,2026-04-17 09:15:00,high,1307.199951171875,1303.5,1307.5999755859375,1302.800048828125,12533.0,1303.5,1300.699951171875,1303.9000244140625,1300.0,15956.0,1301.0999755859375,1302.0,1304.0999755859375,1301.0999755859375,10418.0,1302.0,1303.5,1304.199951171875,1301.5,8283.0,1303.5,1304.199951171875,1305.0,1302.0,12397.0,1304.199951171875,1303.699951171875,1304.5999755859375,1302.0,12801.0,1303.5999755859375,1302.9000244140625,1304.699951171875,1301.199951171875,13987.0,1302.9000244140625,1304.699951171875,1305.0,1302.300048828125,10973.0,1304.699951171875,1307.5,1307.699951171875,1303.0,17872.0,1307.5,1306.800048828125,1310.0999755859375,1306.5,70882.0
POLYCAB_20260417_1030,POLYCAB,2026-04-17 10:30:00,high,8131.5,8128.0,8137.5,8123.5,13419.0,8129.5,8139.5,8146.0,8126.5,10100.0,8141.0,8132.0,8141.0,8125.0,7773.0,8131.5,8125.0,8135.5,8120.0,8075.0,8123.5,8135.5,8148.0,8119.0,12733.0,8133.0,8124.0,8140.0,8124.0,9563.0,8124.0,8174.0,8176.0,8124.0,14036.0,8171.5,8170.0,8177.0,8167.0,23128.0,8169.0,8181.0,8187.0,8152.0,68534.0,8179.5,8191.0,8198.5,8179.0,78425.0
DLF_20260417_0915,DLF,2026-04-17 09:15:00,medium,596.0,595.6500244140625,596.5999755859375,595.4000244140625,46102.0,595.5,596.0,596.4000244140625,595.4000244140625,43295.0,596.0,597.0999755859375,597.25,595.9500122070312,48015.0,597.0999755859375,600.0,600.75,596.9500122070312,324659.0,600.0999755859375,599.0,601.5999755859375,599.0,202174.0,599.0,600.0999755859375,601.2000122070312,596.25,516268.0,600.2999877929688,602.0999755859375,604.4000244140625,600.0,473020.0,602.0999755859375,601.0,602.5,600.6500244140625,146594.0,600.9500122070312,603.9500122070312,603.9500122070312,600.3499755859375,149153.0,603.9500122070312,603.0499877929688,604.2999877929688,603.0499877929688,124037.0
ADANIENSOL_20260417_1015,ADANIENSOL,2026-04-17 10:15:00,high,1228.949951171875,1230.25,1230.550048828125,1228.5999755859375,11835.0,1230.25,1236.8499755859375,1236.949951171875,1230.25,31955.0,1236.3499755859375,1252.75,1255.1500244140625,1236.3499755859375,244926.0,1253.1500244140625,1256.199951171875,1257.0,1251.3499755859375,176614.0,1256.1500244140625,1255.3499755859375,1259.699951171875,1249.4000244140625,691978.0,1255.75,1258.8499755859375,1261.8499755859375,1252.699951171875,707234.0,1258.5,1259.199951171875,1260.0,1254.25,183296.0,1259.5999755859375,1257.800048828125,1262.0,1253.9000244140625,395583.0,1259.0999755859375,1259.4000244140625,1262.0999755859375,1253.6500244140625,212941.0,1259.9000244140625,1259.800048828125,1266.0,1249.949951171875,331963.0
TATASTEEL_20260417_0915,TATASTEEL,2026-04-17 09:15:00,high,210.67999267578125,210.44000244140625,210.6999969482422,210.4199981689453,566472.0,210.5,210.67999267578125,210.6999969482422,210.3000030517578,460358.0,210.6699981689453,211.0500030517578,211.1999969482422,210.3699951171875,793367.0,211.00999450683594,211.52999877929688,211.60000610351562,210.97000122070312,773820.0,211.52999877929688,211.8300018310547,211.89999389648438,211.4600067138672,564487.0,211.8300018310547,211.75,212.13999938964844,211.5,1139905.0,211.74000549316406,211.7100067138672,211.83999633789062,211.3699951171875,529011.0,211.63999938964844,211.83999633789062,212.07000732421875,211.63999938964844,573658.0,211.83999633789062,212.0399932861328,212.1999969482422,211.77999877929688,929499.0,212.1699981689453,212.25,212.35000610351562,212.0500030517578,895694.0
HAVELLS_20260417_1015,HAVELLS,2026-04-17 10:15:00,medium,1301.0999755859375,1302.0,1304.0999755859375,1301.0999755859375,10418.0,1302.0,1303.5,1304.199951171875,1301.5,8283.0,1303.5,1304.199951171875,1305.0,1302.0,12397.0,1304.199951171875,1303.699951171875,1304.5999755859375,1302.0,12801.0,1303.5999755859375,1302.9000244140625,1304.699951171875,1301.199951171875,13987.0,1302.9000244140625,1304.699951171875,1305.0,1302.300048828125,10973.0,1304.699951171875,1307.5,1307.699951171875,1303.0,17872.0,1307.5,1306.800048828125,1310.0999755859375,1306.5,70882.0,1307.300048828125,1306.9000244140625,1309.0,1303.0999755859375,65959.0,1306.0,1306.0,1307.9000244140625,1304.0,82005.0
ADANIENSOL_20260417_1100,ADANIENSOL,2026-04-17 11:00:00,high,1228.949951171875,1230.25,1230.550048828125,1228.5999755859375,11835.0,1230.25,1236.8499755859375,1236.949951171875,1230.25,31955.0,1236.3499755859375,1252.75,1255.1500244140625,1236.3499755859375,244926.0,1253.1500244140625,1256.199951171875,1257.0,1251.3499755859375,176614.0,1256.1500244140625,1255.3499755859375,1259.699951171875,1249.4000244140625,691978.0,1255.75,1258.8499755859375,1261.8499755859375,1252.699951171875,707234.0,1258.5,1259.199951171875,1260.0,1254.25,183296.0,1259.5999755859375,1257.800048828125,1262.0,1253.9000244140625,395583.0,1259.0999755859375,1259.4000244140625,1262.0999755859375,1253.6500244140625,212941.0,1259.9000244140625,1259.800048828125,1266.0,1249.949951171875,331963.0
HAVELLS_20260507_0945,HAVELLS,2026-05-07 09:45:00,high,1268.199951171875,1267.800048828125,1269.199951171875,1265.0,23459.0,1268.0,1264.0,1268.0,1262.4000244140625,22028.0,1264.0999755859375,1265.800048828125,1267.0999755859375,1263.699951171875,15492.0,1265.800048828125,1266.300048828125,1266.800048828125,1264.0,22116.0,1266.300048828125,1265.800048828125,1267.0999755859375,1265.300048828125,38169.0,1265.300048828125,1264.699951171875,1265.5,1263.0999755859375,20647.0,1265.199951171875,1265.9000244140625,1267.4000244140625,1263.699951171875,24696.0,1265.699951171875,1267.0,1268.0,1265.4000244140625,27930.0,1267.5999755859375,1267.0,1269.5,1264.9000244140625,78155.0,1267.0999755859375,1270.0,1272.5999755859375,1267.0,128888.0
TATASTEEL_20260507_1015,TATASTEEL,2026-05-07 10:15:00,high,217.6199951171875,217.1999969482422,217.94000244140625,216.9600067138672,388310.0,217.14999389648438,216.8300018310547,217.24000549316406,216.36000061035156,477339.0,216.8300018310547,217.17999267578125,217.3800048828125,216.77000427246094,625061.0,217.1699981689453,217.3000030517578,217.3000030517578,217.10000610351562,331102.0,217.25,217.42999267578125,217.5,216.9499969482422,647945.0,217.32000732421875,217.5800018310547,217.67999267578125,217.1999969482422,609920.0,217.5800018310547,217.3000030517578,217.5800018310547,217.14999389648438,764341.0,217.3000030517578,217.02999877929688,217.35000610351562,216.8000030517578,689829.0,217.14999389648438,216.94000244140625,217.4499969482422,216.8300018310547,1833718.0,216.9600067138672,217.10000610351562,217.49000549316406,216.86000061035156,1682031.0
POLYCAB_20260507_1200,POLYCAB,2026-05-07 12:00:00,high,8969.0,8957.0,8974.5,8951.0,26678.0,8957.0,8962.5,8979.0,8945.0,24545.0,8962.5,8979.0,8987.0,8962.5,35487.0,8977.0,8916.0,8977.0,8892.5,100329.0,8915.0,8929.5,8945.0,8915.0,46276.0,8929.0,8957.0,8957.0,8927.5,35572.0,8955.0,8959.0,8968.5,8955.0,43330.0,8959.5,8970.5,8975.0,8950.0,45765.0,8970.0,8996.0,9000.0,8964.5,95282.0,8995.5,9033.0,9048.5,8994.0,129470.0
TATASTEEL_20260508_1031,TATASTEEL,2026-05-08 10:31:00,high,215.61000061035156,215.6300048828125,215.75999450683594,215.11000061035156,346755.0,215.6300048828125,215.99000549316406,215.99000549316406,215.47000122070312,213568.0,215.97999572753906,215.07000732421875,216.0,214.7899932861328,577268.0,215.10000610351562,214.52999877929688,215.1999969482422,214.3300018310547,467289.0,214.52000427246094,214.57000732421875,214.85000610351562,214.4600067138672,301535.0,214.52000427246094,215.00999450683594,215.0500030517578,214.49000549316406,534420.0,215.0,215.3800048828125,215.5,214.9199981689453,388378.0,215.3800048828125,215.05999755859375,215.39999389648438,214.9499969482422,471132.0,215.1300048828125,214.4499969482422,215.1300048828125,214.3000030517578,1012912.0,214.4600067138672,214.5,214.67999267578125,214.27999877929688,1507766.0
HAVELLS_20260508_1030,HAVELLS,2026-05-08 10:30:00,high,1258.5,1262.800048828125,1262.800048828125,1257.5999755859375,26467.0,1262.300048828125,1265.0999755859375,1265.9000244140625,1261.9000244140625,36734.0,1264.300048828125,1261.9000244140625,1264.9000244140625,1261.800048828125,17175.0,1262.4000244140625,1258.800048828125,1262.5999755859375,1258.0999755859375,26269.0,1258.199951171875,1260.800048828125,1262.800048828125,1257.699951171875,22757.0,1260.5,1259.0,1260.699951171875,1257.9000244140625,19167.0,1259.0999755859375,1260.0,1261.800048828125,1259.0,30367.0,1259.9000244140625,1259.5,1263.4000244140625,1259.300048828125,14881.0,1259.0999755859375,1255.0999755859375,1259.0999755859375,1255.0999755859375,44887.0,1255.4000244140625,1253.0,1257.0999755859375,1252.4000244140625,68003.0
POLYCAB_20260508_1015,POLYCAB,2026-05-08 10:15:00,high,9117.0,9114.0,9124.5,9111.0,10653.0,9114.0,9126.5,9127.5,9105.0,9123.0,9124.0,9121.5,9125.0,9106.0,10319.0,9121.5,9119.5,9130.0,9117.0,4613.0,9119.5,9113.5,9123.5,9103.0,19992.0,9111.0,9096.0,9118.0,9081.0,19912.0,9093.5,9122.5,9135.0,9091.5,24131.0,9122.5,9112.5,9129.0,9108.5,22543.0,9111.5,9075.0,9111.5,9072.5,36743.0,9072.5,9083.0,9095.0,9067.0,49985.0
DLF_20260508_0945,DLF,2026-05-08 09:45:00,high,608.6500244140625,609.2999877929688,609.4500122070312,608.4500122070312,39786.0,609.2999877929688,611.0,611.2000122070312,609.0,49168.0,611.25,610.0999755859375,611.4000244140625,609.4500122070312,41697.0,610.0999755859375,608.5999755859375,610.2000122070312,608.4500122070312,40605.0,608.5499877929688,610.2000122070312,610.7000122070312,608.4500122070312,40598.0,610.2000122070312,609.0,610.3499755859375,608.4000244140625,122663.0,609.1500244140625,612.4000244140625,612.75,609.1500244140625,123559.0,612.5,610.9500122070312,612.7000122070312,610.7000122070312,121982.0,610.7999877929688,608.5499877929688,610.7999877929688,608.0999755859375,201553.0,608.3499755859375,606.0,609.2000122070312,606.0,222213.0
ADANIENSOL_20260508_0937,ADANIENSOL,2026-05-08 09:37:00,high,1366.800048828125,1368.199951171875,1372.0,1364.0,115031.0,1367.5999755859375,1365.699951171875,1367.800048828125,1364.0,84579.0,1365.5,1366.5999755859375,1370.0999755859375,1364.800048828125,94289.0,1366.0,1361.199951171875,1366.699951171875,1360.0999755859375,124617.0,1361.0,1365.699951171875,1367.199951171875,1357.300048828125,108477.0,1365.0,1363.5,1365.0,1359.4000244140625,127151.0,1363.5,1360.800048828125,1365.0,1358.300048828125,94407.0,1361.4000244140625,1364.699951171875,1368.4000244140625,1361.4000244140625,161433.0,1364.699951171875,1361.9000244140625,1364.9000244140625,1360.0,163922.0,1361.0999755859375,1355.0999755859375,1361.0999755859375,1353.4000244140625,194728.0
DLF_20260508_1145,DLF,2026-05-08 11:45:00,medium,608.6500244140625,609.2999877929688,609.4500122070312,608.4500122070312,39786.0,609.2999877929688,611.0,611.2000122070312,609.0,49168.0,611.25,610.0999755859375,611.4000244140625,609.4500122070312,41697.0,610.0999755859375,608.5999755859375,610.2000122070312,608.4500122070312,40605.0,608.5499877929688,610.2000122070312,610.7000122070312,608.4500122070312,40598.0,610.2000122070312,609.0,610.3499755859375,608.4000244140625,122663.0,609.1500244140625,612.4000244140625,612.75,609.1500244140625,123559.0,612.5,610.9500122070312,612.7000122070312,610.7000122070312,121982.0,610.7999877929688,608.5499877929688,610.7999877929688,608.0999755859375,201553.0,608.3499755859375,606.0,609.2000122070312,606.0,222213.0
TATASTEEL_20260508_0557,TATASTEEL,2026-05-08 05:57:00,high,216.9600067138672,217.10000610351562,217.49000549316406,216.86000061035156,1682031.0,216.36000061035156,215.75999450683594,216.6999969482422,215.0,1052052.0,215.75,215.10000610351562,215.7899932861328,215.10000610351562,1289027.0,215.0500030517578,215.39999389648438,215.55999755859375,214.75,1445425.0,215.44000244140625,215.35000610351562,215.6999969482422,215.05999755859375,408449.0,215.35000610351562,215.6199951171875,215.69000244140625,214.8000030517578,718133.0,215.61000061035156,216.38999938964844,216.52999877929688,215.61000061035156,577821.0,216.3800048828125,216.0,216.64999389648438,215.9499969482422,451237.0,215.94000244140625,216.41000366210938,216.64999389648438,215.89999389648438,543168.0,216.3800048828125,216.11000061035156,216.5,215.99000549316406,290095.0
HAVELLS_20260508_1015,HAVELLS,2026-05-08 10:15:00,high,1258.5,1262.800048828125,1262.800048828125,1257.5999755859375,26467.0,1262.300048828125,1265.0999755859375,1265.9000244140625,1261.9000244140625,36734.0,1264.300048828125,1261.9000244140625,1264.9000244140625,1261.800048828125,17175.0,1262.4000244140625,1258.800048828125,1262.5999755859375,1258.0999755859375,26269.0,1258.199951171875,1260.800048828125,1262.800048828125,1257.699951171875,22757.0,1260.5,1259.0,1260.699951171875,1257.9000244140625,19167.0,1259.0999755859375,1260.0,1261.800048828125,1259.0,30367.0,1259.9000244140625,1259.5,1263.4000244140625,1259.300048828125,14881.0,1259.0999755859375,1255.0999755859375,1259.0999755859375,1255.0999755859375,44887.0,1255.4000244140625,1253.0,1257.0999755859375,1252.4000244140625,68003.0
DLF_20260508_0524,DLF,2026-05-08 05:24:00,high,618.1500244140625,618.4000244140625,618.9000244140625,617.5499877929688,146049.0,618.4000244140625,619.0999755859375,619.0999755859375,618.0,330227.0,619.0999755859375,619.25,620.0,619.0,394840.0,616.0,617.5999755859375,618.0999755859375,612.4000244140625,119220.0,617.4000244140625,614.2999877929688,617.9000244140625,613.5,166082.0,614.3499755859375,618.4000244140625,619.7999877929688,613.0999755859375,202042.0,618.4500122070312,616.0499877929688,618.9500122070312,615.1500244140625,149152.0,615.8499755859375,616.6500244140625,617.5,615.5999755859375,56609.0,616.5,616.75,617.2000122070312,616.0,33701.0,617.0,615.4500122070312,617.4500122070312,615.4500122070312,59972.0
ADANIENSOL_20260508_1045,ADANIENSOL,2026-05-08 10:45:00,high,1367.5999755859375,1365.699951171875,1367.800048828125,1364.0,84579.0,1365.5,1366.5999755859375,1370.0999755859375,1364.800048828125,94289.0,1366.0,1361.199951171875,1366.699951171875,1360.0999755859375,124617.0,1361.0,1365.699951171875,1367.199951171875,1357.300048828125,108477.0,1365.0,1363.5,1365.0,1359.4000244140625,127151.0,1363.5,1360.800048828125,1365.0,1358.300048828125,94407.0,1361.4000244140625,1364.699951171875,1368.4000244140625,1361.4000244140625,161433.0,1364.699951171875,1361.9000244140625,1364.9000244140625,1360.0,163922.0,1361.0999755859375,1355.0999755859375,1361.0999755859375,1353.4000244140625,194728.0,1355.199951171875,1353.699951171875,1356.9000244140625,1348.4000244140625,312710.0
TATASTEEL_20260508_1337,TATASTEEL,2026-05-08 13:37:00,high,215.61000061035156,215.6300048828125,215.75999450683594,215.11000061035156,346755.0,215.6300048828125,215.99000549316406,215.99000549316406,215.47000122070312,213568.0,215.97999572753906,215.07000732421875,216.0,214.7899932861328,577268.0,215.10000610351562,214.52999877929688,215.1999969482422,214.3300018310547,467289.0,214.52000427246094,214.57000732421875,214.85000610351562,214.4600067138672,301535.0,214.52000427246094,215.00999450683594,215.0500030517578,214.49000549316406,534420.0,215.0,215.3800048828125,215.5,214.9199981689453,388378.0,215.3800048828125,215.05999755859375,215.39999389648438,214.9499969482422,471132.0,215.1300048828125,214.4499969482422,215.1300048828125,214.3000030517578,1012912.0,214.4600067138672,214.5,214.67999267578125,214.27999877929688,1507766.0
DLF_20260508_1301,DLF,2026-05-08 13:01:00,medium,608.6500244140625,609.2999877929688,609.4500122070312,608.4500122070312,39786.0,609.2999877929688,611.0,611.2000122070312,609.0,49168.0,611.25,610.0999755859375,611.4000244140625,609.4500122070312,41697.0,610.0999755859375,608.5999755859375,610.2000122070312,608.4500122070312,40605.0,608.5499877929688,610.2000122070312,610.7000122070312,608.4500122070312,40598.0,610.2000122070312,609.0,610.3499755859375,608.4000244140625,122663.0,609.1500244140625,612.4000244140625,612.75,609.1500244140625,123559.0,612.5,610.9500122070312,612.7000122070312,610.7000122070312,121982.0,610.7999877929688,608.5499877929688,610.7999877929688,608.0999755859375,201553.0,608.3499755859375,606.0,609.2000122070312,606.0,222213.0
TATASTEEL_20260508_1431,TATASTEEL,2026-05-08 14:31:00,high,215.61000061035156,215.6300048828125,215.75999450683594,215.11000061035156,346755.0,215.6300048828125,215.99000549316406,215.99000549316406,215.47000122070312,213568.0,215.97999572753906,215.07000732421875,216.0,214.7899932861328,577268.0,215.10000610351562,214.52999877929688,215.1999969482422,214.3300018310547,467289.0,214.52000427246094,214.57000732421875,214.85000610351562,214.4600067138672,301535.0,214.52000427246094,215.00999450683594,215.0500030517578,214.49000549316406,534420.0,215.0,215.3800048828125,215.5,214.9199981689453,388378.0,215.3800048828125,215.05999755859375,215.39999389648438,214.9499969482422,471132.0,215.1300048828125,214.4499969482422,215.1300048828125,214.3000030517578,1012912.0,214.4600067138672,214.5,214.67999267578125,214.27999877929688,1507766.0
DLF_20260508_1356,DLF,2026-05-08 13:56:00,medium,608.6500244140625,609.2999877929688,609.4500122070312,608.4500122070312,39786.0,609.2999877929688,611.0,611.2000122070312,609.0,49168.0,611.25,610.0999755859375,611.4000244140625,609.4500122070312,41697.0,610.0999755859375,608.5999755859375,610.2000122070312,608.4500122070312,40605.0,608.5499877929688,610.2000122070312,610.7000122070312,608.4500122070312,40598.0,610.2000122070312,609.0,610.3499755859375,608.4000244140625,122663.0,609.1500244140625,612.4000244140625,612.75,609.1500244140625,123559.0,612.5,610.9500122070312,612.7000122070312,610.7000122070312,121982.0,610.7999877929688,608.5499877929688,610.7999877929688,608.0999755859375,201553.0,608.3499755859375,606.0,609.2000122070312,606.0,222213.0
TATASTEEL_20260511_1215,TATASTEEL,2026-05-11 12:15:00,high,213.25,213.27999877929688,213.3000030517578,212.82000732421875,323572.0,213.24000549316406,213.05999755859375,213.2899932861328,212.92999267578125,205742.0,213.1699981689453,213.24000549316406,213.75,212.92999267578125,451513.0,213.24000549316406,213.35000610351562,213.74000549316406,213.2100067138672,305995.0,213.25999450683594,213.1699981689453,213.41000366210938,213.1300048828125,212312.0,213.1699981689453,213.17999267578125,213.49000549316406,213.0,433601.0,213.16000366210938,213.1999969482422,213.44000244140625,213.00999450683594,742510.0,213.1999969482422,212.6999969482422,213.22000122070312,212.66000366210938,1064037.0,212.6999969482422,212.0500030517578,212.6999969482422,211.86000061035156,1381161.0,212.07000732421875,211.91000366210938,212.3000030517578,211.72000122070312,1479721.0
ADANIENSOL_20260511_1315,ADANIENSOL,2026-05-11 13:15:00,high,1328.5999755859375,1331.0999755859375,1332.0,1327.0,108567.0,1331.5,1342.199951171875,1357.800048828125,1331.300048828125,335265.0,1343.0,1348.0,1355.199951171875,1340.0,158698.0,1348.0,1345.4000244140625,1352.9000244140625,1342.800048828125,136903.0,1345.300048828125,1344.9000244140625,1350.0,1343.5999755859375,114245.0,1345.0999755859375,1342.5,1348.9000244140625,1339.300048828125,191008.0,1342.5999755859375,1346.300048828125,1355.199951171875,1341.699951171875,172046.0,1346.9000244140625,1345.0999755859375,1347.9000244140625,1343.0999755859375,131507.0,1345.199951171875,1337.0,1345.9000244140625,1337.0,164882.0,1337.0,1340.4000244140625,1345.800048828125,1337.0,202458.0
TATASTEEL_20260512_0915,TATASTEEL,2026-05-12 09:15:00,high,212.25,212.36000061035156,212.39999389648438,211.75,764645.0,212.3800048828125,212.88999938964844,213.0399932861328,212.36000061035156,673247.0,212.88999938964844,212.97999572753906,213.02000427246094,212.64999389648438,470317.0,212.97999572753906,213.0,213.1999969482422,212.83999633789062,463482.0,213.0,212.3699951171875,213.1999969482422,212.27000427246094,608554.0,212.47000122070312,212.2899932861328,212.6199951171875,212.0,574599.0,212.2899932861328,211.77000427246094,212.3800048828125,211.52999877929688,742647.0,211.7899932861328,212.42999267578125,212.67999267578125,211.7899932861328,511691.0,212.42999267578125,212.3800048828125,212.60000610351562,211.8699951171875,945890.0,212.3800048828125,212.24000549316406,212.60000610351562,211.88999938964844,1903566.0
HAVELLS_20260512_0915,HAVELLS,2026-05-12 09:15:00,high,1213.800048828125,1209.5999755859375,1213.800048828125,1207.9000244140625,33833.0,1208.9000244140625,1210.0999755859375,1211.0,1208.0,54875.0,1210.300048828125,1208.9000244140625,1210.5999755859375,1207.5,52666.0,1208.9000244140625,1206.0,1210.5,1206.0,43418.0,1206.199951171875,1204.0999755859375,1206.4000244140625,1201.5999755859375,69636.0,1202.5,1200.4000244140625,1203.5999755859375,1199.4000244140625,79295.0,1200.4000244140625,1195.9000244140625,1200.4000244140625,1195.800048828125,31566.0,1195.800048828125,1198.199951171875,1201.300048828125,1195.0999755859375,59674.0,1198.199951171875,1197.300048828125,1199.4000244140625,1196.0999755859375,57725.0,1197.5999755859375,1194.300048828125,1198.5,1193.9000244140625,59476.0
POLYCAB_20260512_0915,POLYCAB,2026-05-12 09:15:00,high,9192.0,9187.5,9195.0,9169.0,25746.0,9186.0,9183.5,9190.5,9168.0,18121.0,9183.5,9167.5,9186.0,9152.5,22502.0,9169.5,9178.0,9184.5,9164.0,14577.0,9178.0,9140.0,9180.0,9131.0,22723.0,9140.0,9140.0,9165.0,9139.0,17175.0,9140.0,9110.0,9147.5,9105.0,21288.0,9109.0,9127.5,9137.5,9109.0,13400.0,9127.5,9087.0,9130.0,9080.5,20023.0,9084.5,9060.0,9092.0,9057.0,16967.0
ADANIENSOL_20260512_0915,ADANIENSOL,2026-05-12 09:15:00,high,1271.5,1272.5999755859375,1274.699951171875,1265.199951171875,281036.0,1274.5,1268.199951171875,1276.0,1267.5999755859375,151689.0,1268.300048828125,1262.699951171875,1270.5,1258.300048828125,187334.0,1263.5,1277.699951171875,1280.0,1261.5999755859375,196307.0,1277.699951171875,1278.0999755859375,1284.699951171875,1276.300048828125,136544.0,1278.199951171875,1272.300048828125,1281.5,1270.800048828125,114613.0,1272.0,1269.300048828125,1275.800048828125,1268.0,123684.0,1269.4000244140625,1276.199951171875,1277.699951171875,1268.0,103554.0,1276.0999755859375,1286.9000244140625,1290.0,1269.0,184989.0,1287.5,1285.5999755859375,1303.300048828125,1284.4000244140625,413087.0
TATASTEEL_20260512_0930,TATASTEEL,2026-05-12 09:30:00,high,212.3800048828125,212.88999938964844,213.0399932861328,212.36000061035156,673247.0,212.88999938964844,212.97999572753906,213.02000427246094,212.64999389648438,470317.0,212.97999572753906,213.0,213.1999969482422,212.83999633789062,463482.0,213.0,212.3699951171875,213.1999969482422,212.27000427246094,608554.0,212.47000122070312,212.2899932861328,212.6199951171875,212.0,574599.0,212.2899932861328,211.77000427246094,212.3800048828125,211.52999877929688,742647.0,211.7899932861328,212.42999267578125,212.67999267578125,211.7899932861328,511691.0,212.42999267578125,212.3800048828125,212.60000610351562,211.8699951171875,945890.0,212.3800048828125,212.24000549316406,212.60000610351562,211.88999938964844,1903566.0,212.25,211.88999938964844,212.2899932861328,211.60000610351562,2056592.0
DLF_20260512_0930,DLF,2026-05-12 09:30:00,high,574.4500122070312,574.0499877929688,575.4500122070312,572.5,476214.0,574.0499877929688,574.3499755859375,575.2999877929688,573.7000122070312,88400.0,574.4500122070312,573.0999755859375,575.3499755859375,572.2000122070312,1112901.0,573.0,572.8499755859375,573.9000244140625,571.9500122070312,48763.0,572.8499755859375,572.25,573.4500122070312,572.0,75303.0,572.2000122070312,572.3499755859375,572.9000244140625,571.6500244140625,157797.0,572.1500244140625,572.9000244140625,574.5,571.2000122070312,210686.0,572.5999755859375,572.0499877929688,573.0999755859375,571.7000122070312,114131.0,572.0,570.4000244140625,573.0999755859375,570.0,253875.0,570.1500244140625,569.0499877929688,570.3499755859375,568.0999755859375,1091368.0
DLF_20260512_0930,DLF,2026-05-12 09:30:00,high,574.4500122070312,574.0499877929688,575.4500122070312,572.5,476214.0,574.0499877929688,574.3499755859375,575.2999877929688,573.7000122070312,88400.0,574.4500122070312,573.0999755859375,575.3499755859375,572.2000122070312,1112901.0,573.0,572.8499755859375,573.9000244140625,571.9500122070312,48763.0,572.8499755859375,572.25,573.4500122070312,572.0,75303.0,572.2000122070312,572.3499755859375,572.9000244140625,571.6500244140625,157797.0,572.1500244140625,572.9000244140625,574.5,571.2000122070312,210686.0,572.5999755859375,572.0499877929688,573.0999755859375,571.7000122070312,114131.0,572.0,570.4000244140625,573.0999755859375,570.0,253875.0,570.1500244140625,569.0499877929688,570.3499755859375,568.0999755859375,1091368.0
TATASTEEL_20260512_1000,TATASTEEL,2026-05-12 10:00:00,high,212.88999938964844,212.97999572753906,213.02000427246094,212.64999389648438,470317.0,212.97999572753906,213.0,213.1999969482422,212.83999633789062,463482.0,213.0,212.3699951171875,213.1999969482422,212.27000427246094,608554.0,212.47000122070312,212.2899932861328,212.6199951171875,212.0,574599.0,212.2899932861328,211.77000427246094,212.3800048828125,211.52999877929688,742647.0,211.7899932861328,212.42999267578125,212.67999267578125,211.7899932861328,511691.0,212.42999267578125,212.3800048828125,212.60000610351562,211.8699951171875,945890.0,212.3800048828125,212.24000549316406,212.60000610351562,211.88999938964844,1903566.0,212.25,211.88999938964844,212.2899932861328,211.60000610351562,2056592.0,211.8699951171875,211.6999969482422,212.35000610351562,211.6999969482422,2331566.0
TATASTEEL_20260512_0915,TATASTEEL,2026-05-12 09:15:00,high,212.25,212.36000061035156,212.39999389648438,211.75,764645.0,212.3800048828125,212.88999938964844,213.0399932861328,212.36000061035156,673247.0,212.88999938964844,212.97999572753906,213.02000427246094,212.64999389648438,470317.0,212.97999572753906,213.0,213.1999969482422,212.83999633789062,463482.0,213.0,212.3699951171875,213.1999969482422,212.27000427246094,608554.0,212.47000122070312,212.2899932861328,212.6199951171875,212.0,574599.0,212.2899932861328,211.77000427246094,212.3800048828125,211.52999877929688,742647.0,211.7899932861328,212.42999267578125,212.67999267578125,211.7899932861328,511691.0,212.42999267578125,212.3800048828125,212.60000610351562,211.8699951171875,945890.0,212.3800048828125,212.24000549316406,212.60000610351562,211.88999938964844,1903566.0
POLYCAB_20260512_0930,POLYCAB,2026-05-12 09:30:00,high,9186.0,9183.5,9190.5,9168.0,18121.0,9183.5,9167.5,9186.0,9152.5,22502.0,9169.5,9178.0,9184.5,9164.0,14577.0,9178.0,9140.0,9180.0,9131.0,22723.0,9140.0,9140.0,9165.0,9139.0,17175.0,9140.0,9110.0,9147.5,9105.0,21288.0,9109.0,9127.5,9137.5,9109.0,13400.0,9127.5,9087.0,9130.0,9080.5,20023.0,9084.5,9060.0,9092.0,9057.0,16967.0,9059.0,9014.5,9059.0,9004.0,29588.0
ADANIENSOL_20260512_0945,ADANIENSOL,2026-05-12 09:45:00,high,1268.300048828125,1262.699951171875,1270.5,1258.300048828125,187334.0,1263.5,1277.699951171875,1280.0,1261.5999755859375,196307.0,1277.699951171875,1278.0999755859375,1284.699951171875,1276.300048828125,136544.0,1278.199951171875,1272.300048828125,1281.5,1270.800048828125,114613.0,1272.0,1269.300048828125,1275.800048828125,1268.0,123684.0,1269.4000244140625,1276.199951171875,1277.699951171875,1268.0,103554.0,1276.0999755859375,1286.9000244140625,1290.0,1269.0,184989.0,1287.5,1285.5999755859375,1303.300048828125,1284.4000244140625,413087.0,1286.800048828125,1278.800048828125,1286.800048828125,1276.0,179915.0,1278.0,1292.0,1295.0,1277.300048828125,379470.0
TATASTEEL_20260512_0915,TATASTEEL,2026-05-12 09:15:00,high,212.25,212.36000061035156,212.39999389648438,211.75,764645.0,212.3800048828125,212.88999938964844,213.0399932861328,212.36000061035156,673247.0,212.88999938964844,212.97999572753906,213.02000427246094,212.64999389648438,470317.0,212.97999572753906,213.0,213.1999969482422,212.83999633789062,463482.0,213.0,212.3699951171875,213.1999969482422,212.27000427246094,608554.0,212.47000122070312,212.2899932861328,212.6199951171875,212.0,574599.0,212.2899932861328,211.77000427246094,212.3800048828125,211.52999877929688,742647.0,211.7899932861328,212.42999267578125,212.67999267578125,211.7899932861328,511691.0,212.42999267578125,212.3800048828125,212.60000610351562,211.8699951171875,945890.0,212.3800048828125,212.24000549316406,212.60000610351562,211.88999938964844,1903566.0
HAVELLS_20260512_1000,HAVELLS,2026-05-12 10:00:00,high,1210.300048828125,1208.9000244140625,1210.5999755859375,1207.5,52666.0,1208.9000244140625,1206.0,1210.5,1206.0,43418.0,1206.199951171875,1204.0999755859375,1206.4000244140625,1201.5999755859375,69636.0,1202.5,1200.4000244140625,1203.5999755859375,1199.4000244140625,79295.0,1200.4000244140625,1195.9000244140625,1200.4000244140625,1195.800048828125,31566.0,1195.800048828125,1198.199951171875,1201.300048828125,1195.0999755859375,59674.0,1198.199951171875,1197.300048828125,1199.4000244140625,1196.0999755859375,57725.0,1197.5999755859375,1194.300048828125,1198.5,1193.9000244140625,59476.0,1194.0999755859375,1191.9000244140625,1194.0999755859375,1187.5,103773.0,1191.800048828125,1193.4000244140625,1193.699951171875,1190.300048828125,100830.0
POLYCAB_20260512_0915,POLYCAB,2026-05-12 09:15:00,high,9192.0,9187.5,9195.0,9169.0,25746.0,9186.0,9183.5,9190.5,9168.0,18121.0,9183.5,9167.5,9186.0,9152.5,22502.0,9169.5,9178.0,9184.5,9164.0,14577.0,9178.0,9140.0,9180.0,9131.0,22723.0,9140.0,9140.0,9165.0,9139.0,17175.0,9140.0,9110.0,9147.5,9105.0,21288.0,9109.0,9127.5,9137.5,9109.0,13400.0,9127.5,9087.0,9130.0,9080.5,20023.0,9084.5,9060.0,9092.0,9057.0,16967.0
ADANIENSOL_20260512_0915,ADANIENSOL,2026-05-12 09:15:00,high,1271.5,1272.5999755859375,1274.699951171875,1265.199951171875,281036.0,1274.5,1268.199951171875,1276.0,1267.5999755859375,151689.0,1268.300048828125,1262.699951171875,1270.5,1258.300048828125,187334.0,1263.5,1277.699951171875,1280.0,1261.5999755859375,196307.0,1277.699951171875,1278.0999755859375,1284.699951171875,1276.300048828125,136544.0,1278.199951171875,1272.300048828125,1281.5,1270.800048828125,114613.0,1272.0,1269.300048828125,1275.800048828125,1268.0,123684.0,1269.4000244140625,1276.199951171875,1277.699951171875,1268.0,103554.0,1276.0999755859375,1286.9000244140625,1290.0,1269.0,184989.0,1287.5,1285.5999755859375,1303.300048828125,1284.4000244140625,413087.0
DLF_20260512_1015,DLF,2026-05-12 10:15:00,high,574.0499877929688,574.3499755859375,575.2999877929688,573.7000122070312,88400.0,574.4500122070312,573.0999755859375,575.3499755859375,572.2000122070312,1112901.0,573.0,572.8499755859375,573.9000244140625,571.9500122070312,48763.0,572.8499755859375,572.25,573.4500122070312,572.0,75303.0,572.2000122070312,572.3499755859375,572.9000244140625,571.6500244140625,157797.0,572.1500244140625,572.9000244140625,574.5,571.2000122070312,210686.0,572.5999755859375,572.0499877929688,573.0999755859375,571.7000122070312,114131.0,572.0,570.4000244140625,573.0999755859375,570.0,253875.0,570.1500244140625,569.0499877929688,570.3499755859375,568.0999755859375,1091368.0,569.0,571.5999755859375,571.5999755859375,568.5,477520.0
HAVELLS_20260512_1100,HAVELLS,2026-05-12 11:00:00,high,1210.300048828125,1208.9000244140625,1210.5999755859375,1207.5,52666.0,1208.9000244140625,1206.0,1210.5,1206.0,43418.0,1206.199951171875,1204.0999755859375,1206.4000244140625,1201.5999755859375,69636.0,1202.5,1200.4000244140625,1203.5999755859375,1199.4000244140625,79295.0,1200.4000244140625,1195.9000244140625,1200.4000244140625,1195.800048828125,31566.0,1195.800048828125,1198.199951171875,1201.300048828125,1195.0999755859375,59674.0,1198.199951171875,1197.300048828125,1199.4000244140625,1196.0999755859375,57725.0,1197.5999755859375,1194.300048828125,1198.5,1193.9000244140625,59476.0,1194.0999755859375,1191.9000244140625,1194.0999755859375,1187.5,103773.0,1191.800048828125,1193.4000244140625,1193.699951171875,1190.300048828125,100830.0
HAVELLS_20260512_1115,HAVELLS,2026-05-12 11:15:00,high,1210.300048828125,1208.9000244140625,1210.5999755859375,1207.5,52666.0,1208.9000244140625,1206.0,1210.5,1206.0,43418.0,1206.199951171875,1204.0999755859375,1206.4000244140625,1201.5999755859375,69636.0,1202.5,1200.4000244140625,1203.5999755859375,1199.4000244140625,79295.0,1200.4000244140625,1195.9000244140625,1200.4000244140625,1195.800048828125,31566.0,1195.800048828125,1198.199951171875,1201.300048828125,1195.0999755859375,59674.0,1198.199951171875,1197.300048828125,1199.4000244140625,1196.0999755859375,57725.0,1197.5999755859375,1194.300048828125,1198.5,1193.9000244140625,59476.0,1194.0999755859375,1191.9000244140625,1194.0999755859375,1187.5,103773.0,1191.800048828125,1193.4000244140625,1193.699951171875,1190.300048828125,100830.0
DLF_20260512_1115,DLF,2026-05-12 11:15:00,high,574.0499877929688,574.3499755859375,575.2999877929688,573.7000122070312,88400.0,574.4500122070312,573.0999755859375,575.3499755859375,572.2000122070312,1112901.0,573.0,572.8499755859375,573.9000244140625,571.9500122070312,48763.0,572.8499755859375,572.25,573.4500122070312,572.0,75303.0,572.2000122070312,572.3499755859375,572.9000244140625,571.6500244140625,157797.0,572.1500244140625,572.9000244140625,574.5,571.2000122070312,210686.0,572.5999755859375,572.0499877929688,573.0999755859375,571.7000122070312,114131.0,572.0,570.4000244140625,573.0999755859375,570.0,253875.0,570.1500244140625,569.0499877929688,570.3499755859375,568.0999755859375,1091368.0,569.0,571.5999755859375,571.5999755859375,568.5,477520.0
HAVELLS_20260512_1145,HAVELLS,2026-05-12 11:45:00,high,1210.300048828125,1208.9000244140625,1210.5999755859375,1207.5,52666.0,1208.9000244140625,1206.0,1210.5,1206.0,43418.0,1206.199951171875,1204.0999755859375,1206.4000244140625,1201.5999755859375,69636.0,1202.5,1200.4000244140625,1203.5999755859375,1199.4000244140625,79295.0,1200.4000244140625,1195.9000244140625,1200.4000244140625,1195.800048828125,31566.0,1195.800048828125,1198.199951171875,1201.300048828125,1195.0999755859375,59674.0,1198.199951171875,1197.300048828125,1199.4000244140625,1196.0999755859375,57725.0,1197.5999755859375,1194.300048828125,1198.5,1193.9000244140625,59476.0,1194.0999755859375,1191.9000244140625,1194.0999755859375,1187.5,103773.0,1191.800048828125,1193.4000244140625,1193.699951171875,1190.300048828125,100830.0
TATASTEEL_20260512_1145,TATASTEEL,2026-05-12 11:45:00,high,212.88999938964844,212.97999572753906,213.02000427246094,212.64999389648438,470317.0,212.97999572753906,213.0,213.1999969482422,212.83999633789062,463482.0,213.0,212.3699951171875,213.1999969482422,212.27000427246094,608554.0,212.47000122070312,212.2899932861328,212.6199951171875,212.0,574599.0,212.2899932861328,211.77000427246094,212.3800048828125,211.52999877929688,742647.0,211.7899932861328,212.42999267578125,212.67999267578125,211.7899932861328,511691.0,212.42999267578125,212.3800048828125,212.60000610351562,211.8699951171875,945890.0,212.3800048828125,212.24000549316406,212.60000610351562,211.88999938964844,1903566.0,212.25,211.88999938964844,212.2899932861328,211.60000610351562,2056592.0,211.8699951171875,211.6999969482422,212.35000610351562,211.6999969482422,2331566.0
TATASTEEL_20260512_1300,TATASTEEL,2026-05-12 13:00:00,high,212.88999938964844,212.97999572753906,213.02000427246094,212.64999389648438,470317.0,212.97999572753906,213.0,213.1999969482422,212.83999633789062,463482.0,213.0,212.3699951171875,213.1999969482422,212.27000427246094,608554.0,212.47000122070312,212.2899932861328,212.6199951171875,212.0,574599.0,212.2899932861328,211.77000427246094,212.3800048828125,211.52999877929688,742647.0,211.7899932861328,212.42999267578125,212.67999267578125,211.7899932861328,511691.0,212.42999267578125,212.3800048828125,212.60000610351562,211.8699951171875,945890.0,212.3800048828125,212.24000549316406,212.60000610351562,211.88999938964844,1903566.0,212.25,211.88999938964844,212.2899932861328,211.60000610351562,2056592.0,211.8699951171875,211.6999969482422,212.35000610351562,211.6999969482422,2331566.0
ADANIENSOL_20260512_1430,ADANIENSOL,2026-05-12 14:30:00,high,1268.300048828125,1262.699951171875,1270.5,1258.300048828125,187334.0,1263.5,1277.699951171875,1280.0,1261.5999755859375,196307.0,1277.699951171875,1278.0999755859375,1284.699951171875,1276.300048828125,136544.0,1278.199951171875,1272.300048828125,1281.5,1270.800048828125,114613.0,1272.0,1269.300048828125,1275.800048828125,1268.0,123684.0,1269.4000244140625,1276.199951171875,1277.699951171875,1268.0,103554.0,1276.0999755859375,1286.9000244140625,1290.0,1269.0,184989.0,1287.5,1285.5999755859375,1303.300048828125,1284.4000244140625,413087.0,1286.800048828125,1278.800048828125,1286.800048828125,1276.0,179915.0,1278.0,1292.0,1295.0,1277.300048828125,379470.0
HAVELLS_20260512_1500,HAVELLS,2026-05-12 15:00:00,high,1210.300048828125,1208.9000244140625,1210.5999755859375,1207.5,52666.0,1208.9000244140625,1206.0,1210.5,1206.0,43418.0,1206.199951171875,1204.0999755859375,1206.4000244140625,1201.5999755859375,69636.0,1202.5,1200.4000244140625,1203.5999755859375,1199.4000244140625,79295.0,1200.4000244140625,1195.9000244140625,1200.4000244140625,1195.800048828125,31566.0,1195.800048828125,1198.199951171875,1201.300048828125,1195.0999755859375,59674.0,1198.199951171875,1197.300048828125,1199.4000244140625,1196.0999755859375,57725.0,1197.5999755859375,1194.300048828125,1198.5,1193.9000244140625,59476.0,1194.0999755859375,1191.9000244140625,1194.0999755859375,1187.5,103773.0,1191.800048828125,1193.4000244140625,1193.699951171875,1190.300048828125,100830.0
TATASTEEL_20260513_0915,TATASTEEL,2026-05-13 09:15:00,high,216.61000061035156,216.77000427246094,217.1199951171875,216.35000610351562,584880.0,216.75999450683594,217.82000732421875,217.82000732421875,216.67999267578125,2016003.0,217.89999389648438,218.1699981689453,218.1699981689453,217.5800018310547,1233628.0,218.1999969482422,217.2899932861328,218.1999969482422,217.13999938964844,817994.0,217.25,217.3300018310547,217.7100067138672,217.25,403364.0,217.25,217.4499969482422,217.5,217.14999389648438,831838.0,217.4499969482422,217.6999969482422,217.75,217.14999389648438,1440376.0,217.69000244140625,218.60000610351562,219.0,217.32000732421875,2213355.0,218.61000061035156,220.14999389648438,220.86000061035156,218.60000610351562,5953375.0,220.10000610351562,220.0500030517578,220.64999389648438,219.89999389648438,2695647.0
POLYCAB_20260513_0915,POLYCAB,2026-05-13 09:15:00,high,9018.5,8988.0,9020.5,8987.5,7667.0,8990.5,9029.5,9045.0,8982.5,11895.0,9028.0,9002.0,9028.0,8991.5,6274.0,9000.5,9004.5,9010.5,8983.0,8862.0,9002.5,9007.0,9026.5,8994.5,8472.0,9007.0,8978.0,9017.5,8975.0,8603.0,8976.5,9011.5,9018.0,8971.5,5845.0,9013.0,8982.5,9015.5,8978.0,5173.0,8983.0,8931.5,8993.5,8926.5,23170.0,8926.0,8932.0,8934.0,8916.5,33189.0
DLF_20260513_0915,DLF,2026-05-13 09:15:00,high,578.25,576.9500122070312,578.5,576.5499877929688,61368.0,576.5,580.9000244140625,581.2000122070312,576.5,191263.0,580.9000244140625,578.7000122070312,581.2000122070312,577.9000244140625,49044.0,578.7000122070312,577.7000122070312,579.0999755859375,577.5499877929688,56411.0,577.7000122070312,577.9000244140625,579.7999877929688,577.5499877929688,27290.0,577.6500244140625,576.7999877929688,578.5,575.7999877929688,62872.0,576.7999877929688,577.9500122070312,578.0,576.4500122070312,25155.0,578.2999877929688,576.6500244140625,579.0,576.5,42771.0,576.7999877929688,576.6500244140625,578.2999877929688,576.6500244140625,34460.0,576.25,576.0999755859375,576.7000122070312,575.3499755859375,72177.0
ADANIENSOL_20260513_0915,ADANIENSOL,2026-05-13 09:15:00,high,1324.0999755859375,1316.0999755859375,1329.699951171875,1314.4000244140625,261037.0,1315.5999755859375,1330.0,1330.0,1315.5999755859375,142918.0,1330.4000244140625,1326.699951171875,1332.0,1324.0999755859375,145245.0,1325.5,1328.199951171875,1331.0999755859375,1322.0999755859375,259219.0,1328.0999755859375,1323.4000244140625,1333.199951171875,1323.0,191298.0,1323.0999755859375,1326.5,1326.9000244140625,1318.9000244140625,171600.0,1326.800048828125,1326.800048828125,1328.699951171875,1323.300048828125,139488.0,1326.800048828125,1325.0999755859375,1328.800048828125,1322.699951171875,138887.0,1325.699951171875,1326.300048828125,1331.300048828125,1324.699951171875,189844.0,1326.9000244140625,1326.9000244140625,1329.0,1324.5,178585.0
HAVELLS_20260513_0915,HAVELLS,2026-05-13 09:15:00,high,1198.0,1193.4000244140625,1198.0999755859375,1191.300048828125,21379.0,1192.4000244140625,1198.4000244140625,1201.5999755859375,1192.4000244140625,30034.0,1199.0,1201.9000244140625,1202.699951171875,1194.0,76716.0,1202.199951171875,1199.5999755859375,1202.5999755859375,1199.0999755859375,20861.0,1199.5,1200.199951171875,1202.4000244140625,1199.0,26338.0,1200.0,1198.0,1201.699951171875,1197.199951171875,17139.0,1197.5,1200.800048828125,1202.0,1197.5,15225.0,1200.9000244140625,1200.800048828125,1203.0,1199.4000244140625,18714.0,1201.699951171875,1202.300048828125,1204.0,1201.199951171875,22259.0,1202.0,1201.199951171875,1202.9000244140625,1200.0999755859375,20199.0
TATASTEEL_20260513_0945,TATASTEEL,2026-05-13 09:45:00,high,217.89999389648438,218.1699981689453,218.1699981689453,217.5800018310547,1233628.0,218.1999969482422,217.2899932861328,218.1999969482422,217.13999938964844,817994.0,217.25,217.3300018310547,217.7100067138672,217.25,403364.0,217.25,217.4499969482422,217.5,217.14999389648438,831838.0,217.4499969482422,217.6999969482422,217.75,217.14999389648438,1440376.0,217.69000244140625,218.60000610351562,219.0,217.32000732421875,2213355.0,218.61000061035156,220.14999389648438,220.86000061035156,218.60000610351562,5953375.0,220.10000610351562,220.0500030517578,220.64999389648438,219.89999389648438,2695647.0,220.0500030517578,219.88999938964844,220.1699981689453,219.08999633789062,3656101.0,219.94000244140625,220.0,220.10000610351562,218.75,4720352.0
POLYCAB_20260513_0915,POLYCAB,2026-05-13 09:15:00,high,9018.5,8988.0,9020.5,8987.5,7667.0,8990.5,9029.5,9045.0,8982.5,11895.0,9028.0,9002.0,9028.0,8991.5,6274.0,9000.5,9004.5,9010.5,8983.0,8862.0,9002.5,9007.0,9026.5,8994.5,8472.0,9007.0,8978.0,9017.5,8975.0,8603.0,8976.5,9011.5,9018.0,8971.5,5845.0,9013.0,8982.5,9015.5,8978.0,5173.0,8983.0,8931.5,8993.5,8926.5,23170.0,8926.0,8932.0,8934.0,8916.5,33189.0
HAVELLS_20260513_1000,HAVELLS,2026-05-13 10:00:00,high,1199.0,1201.9000244140625,1202.699951171875,1194.0,76716.0,1202.199951171875,1199.5999755859375,1202.5999755859375,1199.0999755859375,20861.0,1199.5,1200.199951171875,1202.4000244140625,1199.0,26338.0,1200.0,1198.0,1201.699951171875,1197.199951171875,17139.0,1197.5,1200.800048828125,1202.0,1197.5,15225.0,1200.9000244140625,1200.800048828125,1203.0,1199.4000244140625,18714.0,1201.699951171875,1202.300048828125,1204.0,1201.199951171875,22259.0,1202.0,1201.199951171875,1202.9000244140625,1200.0999755859375,20199.0,1201.4000244140625,1200.0,1201.4000244140625,1196.9000244140625,64503.0,1199.800048828125,1200.0,1202.4000244140625,1198.0,35306.0
ADANIENSOL_20260513_1000,ADANIENSOL,2026-05-13 10:00:00,high,1330.4000244140625,1326.699951171875,1332.0,1324.0999755859375,145245.0,1325.5,1328.199951171875,1331.0999755859375,1322.0999755859375,259219.0,1328.0999755859375,1323.4000244140625,1333.199951171875,1323.0,191298.0,1323.0999755859375,1326.5,1326.9000244140625,1318.9000244140625,171600.0,1326.800048828125,1326.800048828125,1328.699951171875,1323.300048828125,139488.0,1326.800048828125,1325.0999755859375,1328.800048828125,1322.699951171875,138887.0,1325.699951171875,1326.300048828125,1331.300048828125,1324.699951171875,189844.0,1326.9000244140625,1326.9000244140625,1329.0,1324.5,178585.0,1325.800048828125,1320.199951171875,1325.800048828125,1316.4000244140625,216483.0,1321.4000244140625,1318.199951171875,1325.4000244140625,1310.699951171875,279517.0
HAVELLS_20260513_1000,HAVELLS,2026-05-13 10:00:00,high,1199.0,1201.9000244140625,1202.699951171875,1194.0,76716.0,1202.199951171875,1199.5999755859375,1202.5999755859375,1199.0999755859375,20861.0,1199.5,1200.199951171875,1202.4000244140625,1199.0,26338.0,1200.0,1198.0,1201.699951171875,1197.199951171875,17139.0,1197.5,1200.800048828125,1202.0,1197.5,15225.0,1200.9000244140625,1200.800048828125,1203.0,1199.4000244140625,18714.0,1201.699951171875,1202.300048828125,1204.0,1201.199951171875,22259.0,1202.0,1201.199951171875,1202.9000244140625,1200.0999755859375,20199.0,1201.4000244140625,1200.0,1201.4000244140625,1196.9000244140625,64503.0,1199.800048828125,1200.0,1202.4000244140625,1198.0,35306.0
HAVELLS_20260513_0915,HAVELLS,2026-05-13 09:15:00,high,1198.0,1193.4000244140625,1198.0999755859375,1191.300048828125,21379.0,1192.4000244140625,1198.4000244140625,1201.5999755859375,1192.4000244140625,30034.0,1199.0,1201.9000244140625,1202.699951171875,1194.0,76716.0,1202.199951171875,1199.5999755859375,1202.5999755859375,1199.0999755859375,20861.0,1199.5,1200.199951171875,1202.4000244140625,1199.0,26338.0,1200.0,1198.0,1201.699951171875,1197.199951171875,17139.0,1197.5,1200.800048828125,1202.0,1197.5,15225.0,1200.9000244140625,1200.800048828125,1203.0,1199.4000244140625,18714.0,1201.699951171875,1202.300048828125,1204.0,1201.199951171875,22259.0,1202.0,1201.199951171875,1202.9000244140625,1200.0999755859375,20199.0
DLF_20260513_1015,DLF,2026-05-13 10:15:00,high,580.9000244140625,578.7000122070312,581.2000122070312,577.9000244140625,49044.0,578.7000122070312,577.7000122070312,579.0999755859375,577.5499877929688,56411.0,577.7000122070312,577.9000244140625,579.7999877929688,577.5499877929688,27290.0,577.6500244140625,576.7999877929688,578.5,575.7999877929688,62872.0,576.7999877929688,577.9500122070312,578.0,576.4500122070312,25155.0,578.2999877929688,576.6500244140625,579.0,576.5,42771.0,576.7999877929688,576.6500244140625,578.2999877929688,576.6500244140625,34460.0,576.25,576.0999755859375,576.7000122070312,575.3499755859375,72177.0,575.5999755859375,575.0,575.5999755859375,573.9000244140625,188291.0,575.0,574.1500244140625,577.4000244140625,572.5999755859375,251169.0
TATASTEEL_20260513_1145,TATASTEEL,2026-05-13 11:45:00,high,217.89999389648438,218.1699981689453,218.1699981689453,217.5800018310547,1233628.0,218.1999969482422,217.2899932861328,218.1999969482422,217.13999938964844,817994.0,217.25,217.3300018310547,217.7100067138672,217.25,403364.0,217.25,217.4499969482422,217.5,217.14999389648438,831838.0,217.4499969482422,217.6999969482422,217.75,217.14999389648438,1440376.0,217.69000244140625,218.60000610351562,219.0,217.32000732421875,2213355.0,218.61000061035156,220.14999389648438,220.86000061035156,218.60000610351562,5953375.0,220.10000610351562,220.0500030517578,220.64999389648438,219.89999389648438,2695647.0,220.0500030517578,219.88999938964844,220.1699981689453,219.08999633789062,3656101.0,219.94000244140625,220.0,220.10000610351562,218.75,4720352.0
TATASTEEL_20260514_0915,TATASTEEL,2026-05-14 09:15:00,high,222.05999755859375,222.1300048828125,222.2899932861328,221.39999389648438,700312.0,222.10000610351562,221.72000122070312,222.14999389648438,221.4199981689453,727628.0,221.72000122070312,221.7100067138672,222.5399932861328,221.64999389648438,818931.0,221.77000427246094,221.3699951171875,221.85000610351562,221.14999389648438,842404.0,221.38999938964844,221.82000732421875,221.9600067138672,221.32000732421875,518985.0,221.85000610351562,222.0,222.11000061035156,221.8000030517578,1218603.0,222.0399932861328,222.1999969482422,222.3800048828125,221.97999572753906,1281936.0,222.13999938964844,221.80999755859375,222.22000122070312,221.5500030517578,590541.0,221.9199981689453,221.60000610351562,222.22000122070312,221.41000366210938,578771.0,221.64999389648438,221.27999877929688,221.64999389648438,221.0399932861328,1102213.0
HAVELLS_20260514_0915,HAVELLS,2026-05-14 09:15:00,high,1207.9000244140625,1209.0,1209.800048828125,1206.699951171875,13989.0,1209.199951171875,1212.699951171875,1213.5,1207.199951171875,26938.0,1213.0999755859375,1212.9000244140625,1214.0,1212.4000244140625,22613.0,1213.0999755859375,1208.199951171875,1214.4000244140625,1207.800048828125,34570.0,1208.0999755859375,1210.0,1210.699951171875,1207.800048828125,2553.0,1210.0,1209.5999755859375,1211.5999755859375,1209.5999755859375,4668.0,1209.5999755859375,1209.9000244140625,1212.0999755859375,1208.4000244140625,5497.0,1209.4000244140625,1210.199951171875,1210.800048828125,1208.4000244140625,3365.0,1210.5,1211.199951171875,1213.4000244140625,1210.0,10087.0,1211.199951171875,1213.300048828125,1214.4000244140625,1209.5999755859375,8647.0
POLYCAB_20260514_0915,POLYCAB,2026-05-14 09:15:00,high,9113.5,9132.0,9136.0,9104.0,9299.0,9132.0,9119.5,9138.0,9111.0,6357.0,9116.5,9096.5,9126.5,9095.0,8101.0,9096.0,9101.5,9106.5,9085.5,6245.0,9101.0,9136.0,9136.0,9101.0,5091.0,9139.0,9152.0,9153.0,9124.0,14025.0,9149.5,9154.5,9159.0,9130.0,12162.0,9155.0,9158.5,9165.5,9140.5,7776.0,9159.0,9184.5,9189.0,9156.0,14076.0,9185.0,9197.5,9216.0,9160.5,20665.0
ADANIENSOL_20260514_0915,ADANIENSOL,2026-05-14 09:15:00,high,1319.800048828125,1321.9000244140625,1325.199951171875,1315.699951171875,119206.0,1322.5999755859375,1320.9000244140625,1322.9000244140625,1317.5,76065.0,1320.9000244140625,1327.0,1327.800048828125,1320.9000244140625,84917.0,1327.800048828125,1319.199951171875,1328.0,1315.0999755859375,110059.0,1318.4000244140625,1324.9000244140625,1327.800048828125,1318.4000244140625,100286.0,1325.0,1323.5,1326.9000244140625,1322.699951171875,80676.0,1323.5,1321.199951171875,1326.9000244140625,1320.5999755859375,125535.0,1321.199951171875,1322.4000244140625,1323.5999755859375,1315.800048828125,240530.0,1322.0,1322.5,1326.300048828125,1318.9000244140625,103709.0,1322.5,1318.699951171875,1324.5999755859375,1316.300048828125,128035.0
HAVELLS_20260514_0915,HAVELLS,2026-05-14 09:15:00,high,1207.9000244140625,1209.0,1209.800048828125,1206.699951171875,13989.0,1209.199951171875,1212.699951171875,1213.5,1207.199951171875,26938.0,1213.0999755859375,1212.9000244140625,1214.0,1212.4000244140625,22613.0,1213.0999755859375,1208.199951171875,1214.4000244140625,1207.800048828125,34570.0,1208.0999755859375,1210.0,1210.699951171875,1207.800048828125,2553.0,1210.0,1209.5999755859375,1211.5999755859375,1209.5999755859375,4668.0,1209.5999755859375,1209.9000244140625,1212.0999755859375,1208.4000244140625,5497.0,1209.4000244140625,1210.199951171875,1210.800048828125,1208.4000244140625,3365.0,1210.5,1211.199951171875,1213.4000244140625,1210.0,10087.0,1211.199951171875,1213.300048828125,1214.4000244140625,1209.5999755859375,8647.0
TATASTEEL_20260514_1000,TATASTEEL,2026-05-14 10:00:00,high,221.72000122070312,221.7100067138672,222.5399932861328,221.64999389648438,818931.0,221.77000427246094,221.3699951171875,221.85000610351562,221.14999389648438,842404.0,221.38999938964844,221.82000732421875,221.9600067138672,221.32000732421875,518985.0,221.85000610351562,222.0,222.11000061035156,221.8000030517578,1218603.0,222.0399932861328,222.1999969482422,222.3800048828125,221.97999572753906,1281936.0,222.13999938964844,221.80999755859375,222.22000122070312,221.5500030517578,590541.0,221.9199981689453,221.60000610351562,222.22000122070312,221.41000366210938,578771.0,221.64999389648438,221.27999877929688,221.64999389648438,221.0399932861328,1102213.0,221.27999877929688,221.35000610351562,221.77000427246094,221.02000427246094,1519913.0,221.39999389648438,220.60000610351562,221.52000427246094,220.60000610351562,2575446.0
HAVELLS_20260514_0915,HAVELLS,2026-05-14 09:15:00,high,1207.9000244140625,1209.0,1209.800048828125,1206.699951171875,13989.0,1209.199951171875,1212.699951171875,1213.5,1207.199951171875,26938.0,1213.0999755859375,1212.9000244140625,1214.0,1212.4000244140625,22613.0,1213.0999755859375,1208.199951171875,1214.4000244140625,1207.800048828125,34570.0,1208.0999755859375,1210.0,1210.699951171875,1207.800048828125,2553.0,1210.0,1209.5999755859375,1211.5999755859375,1209.5999755859375,4668.0,1209.5999755859375,1209.9000244140625,1212.0999755859375,1208.4000244140625,5497.0,1209.4000244140625,1210.199951171875,1210.800048828125,1208.4000244140625,3365.0,1210.5,1211.199951171875,1213.4000244140625,1210.0,10087.0,1211.199951171875,1213.300048828125,1214.4000244140625,1209.5999755859375,8647.0
DLF_20260514_0915,DLF,2026-05-14 09:15:00,high,584.8499755859375,585.8499755859375,587.25,583.7999877929688,157027.0,585.9000244140625,587.0,587.8499755859375,585.1500244140625,135751.0,586.9000244140625,586.0999755859375,587.9000244140625,586.0999755859375,90026.0,586.0999755859375,585.25,586.75,584.0499877929688,118307.0,585.5499877929688,586.1500244140625,587.0,584.7000122070312,82297.0,586.0999755859375,586.25,586.8499755859375,584.7000122070312,70341.0,586.2000122070312,585.75,587.2000122070312,585.3499755859375,96439.0,585.75,584.5,587.25,584.2000122070312,95967.0,584.8499755859375,584.8499755859375,585.9000244140625,583.5999755859375,109177.0,584.8499755859375,585.5499877929688,585.5499877929688,582.75,157437.0
ADANIENSOL_20260514_1400,ADANIENSOL,2026-05-14 14:00:00,high,1320.9000244140625,1327.0,1327.800048828125,1320.9000244140625,84917.0,1327.800048828125,1319.199951171875,1328.0,1315.0999755859375,110059.0,1318.4000244140625,1324.9000244140625,1327.800048828125,1318.4000244140625,100286.0,1325.0,1323.5,1326.9000244140625,1322.699951171875,80676.0,1323.5,1321.199951171875,1326.9000244140625,1320.5999755859375,125535.0,1321.199951171875,1322.4000244140625,1323.5999755859375,1315.800048828125,240530.0,1322.0,1322.5,1326.300048828125,1318.9000244140625,103709.0,1322.5,1318.699951171875,1324.5999755859375,1316.300048828125,128035.0,1318.699951171875,1319.4000244140625,1320.5,1316.5999755859375,149641.0,1318.0,1320.0,1322.699951171875,1314.5999755859375,240083.0
HAVELLS_20260514_0915,HAVELLS,2026-05-14 09:15:00,high,1207.9000244140625,1209.0,1209.800048828125,1206.699951171875,13989.0,1209.199951171875,1212.699951171875,1213.5,1207.199951171875,26938.0,1213.0999755859375,1212.9000244140625,1214.0,1212.4000244140625,22613.0,1213.0999755859375,1208.199951171875,1214.4000244140625,1207.800048828125,34570.0,1208.0999755859375,1210.0,1210.699951171875,1207.800048828125,2553.0,1210.0,1209.5999755859375,1211.5999755859375,1209.5999755859375,4668.0,1209.5999755859375,1209.9000244140625,1212.0999755859375,1208.4000244140625,5497.0,1209.4000244140625,1210.199951171875,1210.800048828125,1208.4000244140625,3365.0,1210.5,1211.199951171875,1213.4000244140625,1210.0,10087.0,1211.199951171875,1213.300048828125,1214.4000244140625,1209.5999755859375,8647.0
ADANIENSOL_20260514_0915,ADANIENSOL,2026-05-14 09:15:00,high,1319.800048828125,1321.9000244140625,1325.199951171875,1315.699951171875,119206.0,1322.5999755859375,1320.9000244140625,1322.9000244140625,1317.5,76065.0,1320.9000244140625,1327.0,1327.800048828125,1320.9000244140625,84917.0,1327.800048828125,1319.199951171875,1328.0,1315.0999755859375,110059.0,1318.4000244140625,1324.9000244140625,1327.800048828125,1318.4000244140625,100286.0,1325.0,1323.5,1326.9000244140625,1322.699951171875,80676.0,1323.5,1321.199951171875,1326.9000244140625,1320.5999755859375,125535.0,1321.199951171875,1322.4000244140625,1323.5999755859375,1315.800048828125,240530.0,1322.0,1322.5,1326.300048828125,1318.9000244140625,103709.0,1322.5,1318.699951171875,1324.5999755859375,1316.300048828125,128035.0
POLYCAB_20260514_1015,POLYCAB,2026-05-14 10:15:00,high,9116.5,9096.5,9126.5,9095.0,8101.0,9096.0,9101.5,9106.5,9085.5,6245.0,9101.0,9136.0,9136.0,9101.0,5091.0,9139.0,9152.0,9153.0,9124.0,14025.0,9149.5,9154.5,9159.0,9130.0,12162.0,9155.0,9158.5,9165.5,9140.5,7776.0,9159.0,9184.5,9189.0,9156.0,14076.0,9185.0,9197.5,9216.0,9160.5,20665.0,9198.0,9213.0,9215.0,9194.0,24395.0,9213.5,9229.5,9238.5,9210.5,41126.0
DLF_20260514_0915,DLF,2026-05-14 09:15:00,high,584.8499755859375,585.8499755859375,587.25,583.7999877929688,157027.0,585.9000244140625,587.0,587.8499755859375,585.1500244140625,135751.0,586.9000244140625,586.0999755859375,587.9000244140625,586.0999755859375,90026.0,586.0999755859375,585.25,586.75,584.0499877929688,118307.0,585.5499877929688,586.1500244140625,587.0,584.7000122070312,82297.0,586.0999755859375,586.25,586.8499755859375,584.7000122070312,70341.0,586.2000122070312,585.75,587.2000122070312,585.3499755859375,96439.0,585.75,584.5,587.25,584.2000122070312,95967.0,584.8499755859375,584.8499755859375,585.9000244140625,583.5999755859375,109177.0,584.8499755859375,585.5499877929688,585.5499877929688,582.75,157437.0
ADANIENSOL_20260514_0915,ADANIENSOL,2026-05-14 09:15:00,high,1319.800048828125,1321.9000244140625,1325.199951171875,1315.699951171875,119206.0,1322.5999755859375,1320.9000244140625,1322.9000244140625,1317.5,76065.0,1320.9000244140625,1327.0,1327.800048828125,1320.9000244140625,84917.0,1327.800048828125,1319.199951171875,1328.0,1315.0999755859375,110059.0,1318.4000244140625,1324.9000244140625,1327.800048828125,1318.4000244140625,100286.0,1325.0,1323.5,1326.9000244140625,1322.699951171875,80676.0,1323.5,1321.199951171875,1326.9000244140625,1320.5999755859375,125535.0,1321.199951171875,1322.4000244140625,1323.5999755859375,1315.800048828125,240530.0,1322.0,1322.5,1326.300048828125,1318.9000244140625,103709.0,1322.5,1318.699951171875,1324.5999755859375,1316.300048828125,128035.0
HAVELLS_20260514_1045,HAVELLS,2026-05-14 10:45:00,high,1213.0999755859375,1212.9000244140625,1214.0,1212.4000244140625,22613.0,1213.0999755859375,1208.199951171875,1214.4000244140625,1207.800048828125,34570.0,1208.0999755859375,1210.0,1210.699951171875,1207.800048828125,2553.0,1210.0,1209.5999755859375,1211.5999755859375,1209.5999755859375,4668.0,1209.5999755859375,1209.9000244140625,1212.0999755859375,1208.4000244140625,5497.0,1209.4000244140625,1210.199951171875,1210.800048828125,1208.4000244140625,3365.0,1210.5,1211.199951171875,1213.4000244140625,1210.0,10087.0,1211.199951171875,1213.300048828125,1214.4000244140625,1209.5999755859375,8647.0,1213.5999755859375,1209.5999755859375,1213.5999755859375,1208.5999755859375,61934.0,1209.5999755859375,1210.800048828125,1213.0,1208.5,32344.0
ADANIENSOL_20260514_1015,ADANIENSOL,2026-05-14 10:15:00,high,1320.9000244140625,1327.0,1327.800048828125,1320.9000244140625,84917.0,1327.800048828125,1319.199951171875,1328.0,1315.0999755859375,110059.0,1318.4000244140625,1324.9000244140625,1327.800048828125,1318.4000244140625,100286.0,1325.0,1323.5,1326.9000244140625,1322.699951171875,80676.0,1323.5,1321.199951171875,1326.9000244140625,1320.5999755859375,125535.0,1321.199951171875,1322.4000244140625,1323.5999755859375,1315.800048828125,240530.0,1322.0,1322.5,1326.300048828125,1318.9000244140625,103709.0,1322.5,1318.699951171875,1324.5999755859375,1316.300048828125,128035.0,1318.699951171875,1319.4000244140625,1320.5,1316.5999755859375,149641.0,1318.0,1320.0,1322.699951171875,1314.5999755859375,240083.0
TATASTEEL_20260514_1145,TATASTEEL,2026-05-14 11:45:00,high,221.72000122070312,221.7100067138672,222.5399932861328,221.64999389648438,818931.0,221.77000427246094,221.3699951171875,221.85000610351562,221.14999389648438,842404.0,221.38999938964844,221.82000732421875,221.9600067138672,221.32000732421875,518985.0,221.85000610351562,222.0,222.11000061035156,221.8000030517578,1218603.0,222.0399932861328,222.1999969482422,222.3800048828125,221.97999572753906,1281936.0,222.13999938964844,221.80999755859375,222.22000122070312,221.5500030517578,590541.0,221.9199981689453,221.60000610351562,222.22000122070312,221.41000366210938,578771.0,221.64999389648438,221.27999877929688,221.64999389648438,221.0399932861328,1102213.0,221.27999877929688,221.35000610351562,221.77000427246094,221.02000427246094,1519913.0,221.39999389648438,220.60000610351562,221.52000427246094,220.60000610351562,2575446.0
TATASTEEL_20260514_1200,TATASTEEL,2026-05-14 12:00:00,high,221.72000122070312,221.7100067138672,222.5399932861328,221.64999389648438,818931.0,221.77000427246094,221.3699951171875,221.85000610351562,221.14999389648438,842404.0,221.38999938964844,221.82000732421875,221.9600067138672,221.32000732421875,518985.0,221.85000610351562,222.0,222.11000061035156,221.8000030517578,1218603.0,222.0399932861328,222.1999969482422,222.3800048828125,221.97999572753906,1281936.0,222.13999938964844,221.80999755859375,222.22000122070312,221.5500030517578,590541.0,221.9199981689453,221.60000610351562,222.22000122070312,221.41000366210938,578771.0,221.64999389648438,221.27999877929688,221.64999389648438,221.0399932861328,1102213.0,221.27999877929688,221.35000610351562,221.77000427246094,221.02000427246094,1519913.0,221.39999389648438,220.60000610351562,221.52000427246094,220.60000610351562,2575446.0
DLF_20260514_1130,DLF,2026-05-14 11:30:00,high,586.9000244140625,586.0999755859375,587.9000244140625,586.0999755859375,90026.0,586.0999755859375,585.25,586.75,584.0499877929688,118307.0,585.5499877929688,586.1500244140625,587.0,584.7000122070312,82297.0,586.0999755859375,586.25,586.8499755859375,584.7000122070312,70341.0,586.2000122070312,585.75,587.2000122070312,585.3499755859375,96439.0,585.75,584.5,587.25,584.2000122070312,95967.0,584.8499755859375,584.8499755859375,585.9000244140625,583.5999755859375,109177.0,584.8499755859375,585.5499877929688,585.5499877929688,582.75,157437.0,584.7999877929688,583.5,585.1500244140625,583.0499877929688,267803.0,583.5,583.9500122070312,584.0,581.9500122070312,457108.0
TATASTEEL_20260514_1200,TATASTEEL,2026-05-14 12:00:00,high,221.72000122070312,221.7100067138672,222.5399932861328,221.64999389648438,818931.0,221.77000427246094,221.3699951171875,221.85000610351562,221.14999389648438,842404.0,221.38999938964844,221.82000732421875,221.9600067138672,221.32000732421875,518985.0,221.85000610351562,222.0,222.11000061035156,221.8000030517578,1218603.0,222.0399932861328,222.1999969482422,222.3800048828125,221.97999572753906,1281936.0,222.13999938964844,221.80999755859375,222.22000122070312,221.5500030517578,590541.0,221.9199981689453,221.60000610351562,222.22000122070312,221.41000366210938,578771.0,221.64999389648438,221.27999877929688,221.64999389648438,221.0399932861328,1102213.0,221.27999877929688,221.35000610351562,221.77000427246094,221.02000427246094,1519913.0,221.39999389648438,220.60000610351562,221.52000427246094,220.60000610351562,2575446.0
ADANIENSOL_20260514_1215,ADANIENSOL,2026-05-14 12:15:00,high,1320.9000244140625,1327.0,1327.800048828125,1320.9000244140625,84917.0,1327.800048828125,1319.199951171875,1328.0,1315.0999755859375,110059.0,1318.4000244140625,1324.9000244140625,1327.800048828125,1318.4000244140625,100286.0,1325.0,1323.5,1326.9000244140625,1322.699951171875,80676.0,1323.5,1321.199951171875,1326.9000244140625,1320.5999755859375,125535.0,1321.199951171875,1322.4000244140625,1323.5999755859375,1315.800048828125,240530.0,1322.0,1322.5,1326.300048828125,1318.9000244140625,103709.0,1322.5,1318.699951171875,1324.5999755859375,1316.300048828125,128035.0,1318.699951171875,1319.4000244140625,1320.5,1316.5999755859375,149641.0,1318.0,1320.0,1322.699951171875,1314.5999755859375,240083.0
TATASTEEL_20260514_1300,TATASTEEL,2026-05-14 13:00:00,high,221.72000122070312,221.7100067138672,222.5399932861328,221.64999389648438,818931.0,221.77000427246094,221.3699951171875,221.85000610351562,221.14999389648438,842404.0,221.38999938964844,221.82000732421875,221.9600067138672,221.32000732421875,518985.0,221.85000610351562,222.0,222.11000061035156,221.8000030517578,1218603.0,222.0399932861328,222.1999969482422,222.3800048828125,221.97999572753906,1281936.0,222.13999938964844,221.80999755859375,222.22000122070312,221.5500030517578,590541.0,221.9199981689453,221.60000610351562,222.22000122070312,221.41000366210938,578771.0,221.64999389648438,221.27999877929688,221.64999389648438,221.0399932861328,1102213.0,221.27999877929688,221.35000610351562,221.77000427246094,221.02000427246094,1519913.0,221.39999389648438,220.60000610351562,221.52000427246094,220.60000610351562,2575446.0
POLYCAB_20260514_1415,POLYCAB,2026-05-14 14:15:00,high,9116.5,9096.5,9126.5,9095.0,8101.0,9096.0,9101.5,9106.5,9085.5,6245.0,9101.0,9136.0,9136.0,9101.0,5091.0,9139.0,9152.0,9153.0,9124.0,14025.0,9149.5,9154.5,9159.0,9130.0,12162.0,9155.0,9158.5,9165.5,9140.5,7776.0,9159.0,9184.5,9189.0,9156.0,14076.0,9185.0,9197.5,9216.0,9160.5,20665.0,9198.0,9213.0,9215.0,9194.0,24395.0,9213.5,9229.5,9238.5,9210.5,41126.0
TATASTEEL_20260515_0915,TATASTEEL,2026-05-15 09:15:00,high,219.36000061035156,219.1199951171875,219.5,218.60000610351562,743172.0,219.10000610351562,218.85000610351562,219.2899932861328,218.75,351333.0,218.9199981689453,218.94000244140625,219.25,218.6999969482422,560385.0,218.91000366210938,218.7899932861328,218.97000122070312,218.61000061035156,401982.0,218.83999633789062,217.82000732421875,219.0800018310547,217.5399932861328,831640.0,217.8800048828125,216.8000030517578,218.07000732421875,216.27999877929688,1642005.0,216.86000061035156,217.08999633789062,217.22000122070312,216.25,2056928.0,217.08999633789062,216.60000610351562,217.27999877929688,216.4600067138672,2033962.0,216.6999969482422,217.00999450683594,217.19000244140625,216.5500030517578,624861.0,216.97000122070312,216.4499969482422,216.97000122070312,216.0500030517578,1231784.0
HAVELLS_20260515_0915,HAVELLS,2026-05-15 09:15:00,high,1207.5,1211.800048828125,1211.800048828125,1207.0,5966.0,1211.800048828125,1206.0999755859375,1213.0,1205.0,75507.0,1205.9000244140625,1212.699951171875,1213.0,1205.300048828125,43074.0,1212.5,1210.0,1212.5,1208.5999755859375,16499.0,1210.199951171875,1208.9000244140625,1210.199951171875,1207.5,9293.0,1209.199951171875,1208.300048828125,1210.0,1206.0,10553.0,1208.300048828125,1206.4000244140625,1208.300048828125,1204.5,7427.0,1206.4000244140625,1210.199951171875,1211.300048828125,1205.5,15443.0,1209.699951171875,1217.4000244140625,1217.800048828125,1209.0,43088.0,1217.5999755859375,1211.199951171875,1217.5999755859375,1208.9000244140625,31664.0
DLF_20260515_0915,DLF,2026-05-15 09:15:00,high,566.4000244140625,570.2999877929688,570.3499755859375,566.0999755859375,101991.0,571.5,571.5999755859375,572.0,570.2000122070312,128149.0,571.6500244140625,571.5499877929688,571.7999877929688,570.5999755859375,50210.0,571.5,572.0,573.2000122070312,570.9500122070312,266715.0,572.0,571.9500122070312,572.6500244140625,570.9500122070312,91188.0,571.9500122070312,571.5999755859375,572.4000244140625,570.5,158868.0,571.5,571.4000244140625,571.75,570.5,90016.0,571.4000244140625,570.0499877929688,571.4000244140625,569.4500122070312,113993.0,570.25,569.4000244140625,570.9500122070312,568.5,125662.0,569.75,567.8499755859375,569.75,566.7000122070312,154674.0
HAVELLS_20260515_0930,HAVELLS,2026-05-15 09:30:00,high,1211.800048828125,1206.0999755859375,1213.0,1205.0,75507.0,1205.9000244140625,1212.699951171875,1213.0,1205.300048828125,43074.0,1212.5,1210.0,1212.5,1208.5999755859375,16499.0,1210.199951171875,1208.9000244140625,1210.199951171875,1207.5,9293.0,1209.199951171875,1208.300048828125,1210.0,1206.0,10553.0,1208.300048828125,1206.4000244140625,1208.300048828125,1204.5,7427.0,1206.4000244140625,1210.199951171875,1211.300048828125,1205.5,15443.0,1209.699951171875,1217.4000244140625,1217.800048828125,1209.0,43088.0,1217.5999755859375,1211.199951171875,1217.5999755859375,1208.9000244140625,31664.0,1210.300048828125,1208.5,1211.300048828125,1206.5,17768.0
POLYCAB_20260515_0915,POLYCAB,2026-05-15 09:15:00,high,9143.5,9176.5,9183.0,9140.5,2021.0,9177.0,9171.0,9182.5,9167.5,4132.0,9174.5,9188.0,9194.5,9164.5,4417.0,9187.5,9198.0,9199.0,9182.0,3019.0,9195.5,9203.0,9212.0,9185.0,6648.0,9195.5,9166.0,9208.0,9150.5,5535.0,9166.0,9175.0,9179.5,9150.5,2739.0,9175.0,9167.5,9175.0,9155.0,3577.0,9171.5,9161.0,9176.0,9141.0,3109.0,9165.5,9138.5,9165.5,9119.0,5494.0
ADANIENSOL_20260515_0915,ADANIENSOL,2026-05-15 09:15:00,high,1310.199951171875,1316.199951171875,1320.5999755859375,1309.0999755859375,83308.0,1317.5,1317.0,1325.800048828125,1316.0999755859375,97353.0,1316.800048828125,1316.699951171875,1319.0,1315.0999755859375,69690.0,1317.0,1317.5,1319.699951171875,1312.800048828125,80087.0,1317.5,1316.5999755859375,1319.300048828125,1314.5999755859375,96396.0,1318.4000244140625,1312.800048828125,1318.4000244140625,1311.5999755859375,83493.0,1312.5999755859375,1311.5,1313.0999755859375,1302.699951171875,127635.0,1311.5,1304.9000244140625,1312.199951171875,1303.0,92955.0,1305.9000244140625,1308.199951171875,1310.4000244140625,1304.300048828125,85338.0,1308.0,1307.5999755859375,1311.4000244140625,1303.699951171875,112985.0
DLF_20260515_0930,DLF,2026-05-15 09:30:00,high,571.5,571.5999755859375,572.0,570.2000122070312,128149.0,571.6500244140625,571.5499877929688,571.7999877929688,570.5999755859375,50210.0,571.5,572.0,573.2000122070312,570.9500122070312,266715.0,572.0,571.9500122070312,572.6500244140625,570.9500122070312,91188.0,571.9500122070312,571.5999755859375,572.4000244140625,570.5,158868.0,571.5,571.4000244140625,571.75,570.5,90016.0,571.4000244140625,570.0499877929688,571.4000244140625,569.4500122070312,113993.0,570.25,569.4000244140625,570.9500122070312,568.5,125662.0,569.75,567.8499755859375,569.75,566.7000122070312,154674.0,567.1500244140625,567.4500122070312,568.6500244140625,566.6500244140625,168645.0
ADANIENSOL_20260515_0915,ADANIENSOL,2026-05-15 09:15:00,high,1310.199951171875,1316.199951171875,1320.5999755859375,1309.0999755859375,83308.0,1317.5,1317.0,1325.800048828125,1316.0999755859375,97353.0,1316.800048828125,1316.699951171875,1319.0,1315.0999755859375,69690.0,1317.0,1317.5,1319.699951171875,1312.800048828125,80087.0,1317.5,1316.5999755859375,1319.300048828125,1314.5999755859375,96396.0,1318.4000244140625,1312.800048828125,1318.4000244140625,1311.5999755859375,83493.0,1312.5999755859375,1311.5,1313.0999755859375,1302.699951171875,127635.0,1311.5,1304.9000244140625,1312.199951171875,1303.0,92955.0,1305.9000244140625,1308.199951171875,1310.4000244140625,1304.300048828125,85338.0,1308.0,1307.5999755859375,1311.4000244140625,1303.699951171875,112985.0
TATASTEEL_20260515_1015,TATASTEEL,2026-05-15 10:15:00,high,218.9199981689453,218.94000244140625,219.25,218.6999969482422,560385.0,218.91000366210938,218.7899932861328,218.97000122070312,218.61000061035156,401982.0,218.83999633789062,217.82000732421875,219.0800018310547,217.5399932861328,831640.0,217.8800048828125,216.8000030517578,218.07000732421875,216.27999877929688,1642005.0,216.86000061035156,217.08999633789062,217.22000122070312,216.25,2056928.0,217.08999633789062,216.60000610351562,217.27999877929688,216.4600067138672,2033962.0,216.6999969482422,217.00999450683594,217.19000244140625,216.5500030517578,624861.0,216.97000122070312,216.4499969482422,216.97000122070312,216.0500030517578,1231784.0,216.33999633789062,216.77999877929688,217.4499969482422,216.19000244140625,2182779.0,216.77000427246094,216.8000030517578,217.0,216.41000366210938,2765878.0
TATASTEEL_20260515_0945,TATASTEEL,2026-05-15 09:45:00,high,218.9199981689453,218.94000244140625,219.25,218.6999969482422,560385.0,218.91000366210938,218.7899932861328,218.97000122070312,218.61000061035156,401982.0,218.83999633789062,217.82000732421875,219.0800018310547,217.5399932861328,831640.0,217.8800048828125,216.8000030517578,218.07000732421875,216.27999877929688,1642005.0,216.86000061035156,217.08999633789062,217.22000122070312,216.25,2056928.0,217.08999633789062,216.60000610351562,217.27999877929688,216.4600067138672,2033962.0,216.6999969482422,217.00999450683594,217.19000244140625,216.5500030517578,624861.0,216.97000122070312,216.4499969482422,216.97000122070312,216.0500030517578,1231784.0,216.33999633789062,216.77999877929688,217.4499969482422,216.19000244140625,2182779.0,216.77000427246094,216.8000030517578,217.0,216.41000366210938,2765878.0
HAVELLS_20260515_1045,HAVELLS,2026-05-15 10:45:00,high,1205.9000244140625,1212.699951171875,1213.0,1205.300048828125,43074.0,1212.5,1210.0,1212.5,1208.5999755859375,16499.0,1210.199951171875,1208.9000244140625,1210.199951171875,1207.5,9293.0,1209.199951171875,1208.300048828125,1210.0,1206.0,10553.0,1208.300048828125,1206.4000244140625,1208.300048828125,1204.5,7427.0,1206.4000244140625,1210.199951171875,1211.300048828125,1205.5,15443.0,1209.699951171875,1217.4000244140625,1217.800048828125,1209.0,43088.0,1217.5999755859375,1211.199951171875,1217.5999755859375,1208.9000244140625,31664.0,1210.300048828125,1208.5,1211.300048828125,1206.5,17768.0,1208.5,1211.4000244140625,1211.9000244140625,1207.4000244140625,39930.0
POLYCAB_20260515_0915,POLYCAB,2026-05-15 09:15:00,high,9143.5,9176.5,9183.0,9140.5,2021.0,9177.0,9171.0,9182.5,9167.5,4132.0,9174.5,9188.0,9194.5,9164.5,4417.0,9187.5,9198.0,9199.0,9182.0,3019.0,9195.5,9203.0,9212.0,9185.0,6648.0,9195.5,9166.0,9208.0,9150.5,5535.0,9166.0,9175.0,9179.5,9150.5,2739.0,9175.0,9167.5,9175.0,9155.0,3577.0,9171.5,9161.0,9176.0,9141.0,3109.0,9165.5,9138.5,9165.5,9119.0,5494.0
DLF_20260515_1000,DLF,2026-05-15 10:00:00,high,571.6500244140625,571.5499877929688,571.7999877929688,570.5999755859375,50210.0,571.5,572.0,573.2000122070312,570.9500122070312,266715.0,572.0,571.9500122070312,572.6500244140625,570.9500122070312,91188.0,571.9500122070312,571.5999755859375,572.4000244140625,570.5,158868.0,571.5,571.4000244140625,571.75,570.5,90016.0,571.4000244140625,570.0499877929688,571.4000244140625,569.4500122070312,113993.0,570.25,569.4000244140625,570.9500122070312,568.5,125662.0,569.75,567.8499755859375,569.75,566.7000122070312,154674.0,567.1500244140625,567.4500122070312,568.6500244140625,566.6500244140625,168645.0,567.1500244140625,566.5,567.6500244140625,564.25,428091.0
ADANIENSOL_20260515_1045,ADANIENSOL,2026-05-15 10:45:00,high,1316.800048828125,1316.699951171875,1319.0,1315.0999755859375,69690.0,1317.0,1317.5,1319.699951171875,1312.800048828125,80087.0,1317.5,1316.5999755859375,1319.300048828125,1314.5999755859375,96396.0,1318.4000244140625,1312.800048828125,1318.4000244140625,1311.5999755859375,83493.0,1312.5999755859375,1311.5,1313.0999755859375,1302.699951171875,127635.0,1311.5,1304.9000244140625,1312.199951171875,1303.0,92955.0,1305.9000244140625,1308.199951171875,1310.4000244140625,1304.300048828125,85338.0,1308.0,1307.5999755859375,1311.4000244140625,1303.699951171875,112985.0,1307.0999755859375,1305.0,1310.0,1303.9000244140625,193842.0,1304.9000244140625,1300.0999755859375,1305.199951171875,1297.5,263457.0
TATASTEEL_20260515_0915,TATASTEEL,2026-05-15 09:15:00,high,219.36000061035156,219.1199951171875,219.5,218.60000610351562,743172.0,219.10000610351562,218.85000610351562,219.2899932861328,218.75,351333.0,218.9199981689453,218.94000244140625,219.25,218.6999969482422,560385.0,218.91000366210938,218.7899932861328,218.97000122070312,218.61000061035156,401982.0,218.83999633789062,217.82000732421875,219.0800018310547,217.5399932861328,831640.0,217.8800048828125,216.8000030517578,218.07000732421875,216.27999877929688,1642005.0,216.86000061035156,217.08999633789062,217.22000122070312,216.25,2056928.0,217.08999633789062,216.60000610351562,217.27999877929688,216.4600067138672,2033962.0,216.6999969482422,217.00999450683594,217.19000244140625,216.5500030517578,624861.0,216.97000122070312,216.4499969482422,216.97000122070312,216.0500030517578,1231784.0
POLYCAB_20260515_0930,POLYCAB,2026-05-15 09:30:00,high,9177.0,9171.0,9182.5,9167.5,4132.0,9174.5,9188.0,9194.5,9164.5,4417.0,9187.5,9198.0,9199.0,9182.0,3019.0,9195.5,9203.0,9212.0,9185.0,6648.0,9195.5,9166.0,9208.0,9150.5,5535.0,9166.0,9175.0,9179.5,9150.5,2739.0,9175.0,9167.5,9175.0,9155.0,3577.0,9171.5,9161.0,9176.0,9141.0,3109.0,9165.5,9138.5,9165.5,9119.0,5494.0,9138.0,9159.0,9163.0,9130.0,9676.0
ADANIENSOL_20260515_1000,ADANIENSOL,2026-05-15 10:00:00,high,1316.800048828125,1316.699951171875,1319.0,1315.0999755859375,69690.0,1317.0,1317.5,1319.699951171875,1312.800048828125,80087.0,1317.5,1316.5999755859375,1319.300048828125,1314.5999755859375,96396.0,1318.4000244140625,1312.800048828125,1318.4000244140625,1311.5999755859375,83493.0,1312.5999755859375,1311.5,1313.0999755859375,1302.699951171875,127635.0,1311.5,1304.9000244140625,1312.199951171875,1303.0,92955.0,1305.9000244140625,1308.199951171875,1310.4000244140625,1304.300048828125,85338.0,1308.0,1307.5999755859375,1311.4000244140625,1303.699951171875,112985.0,1307.0999755859375,1305.0,1310.0,1303.9000244140625,193842.0,1304.9000244140625,1300.0999755859375,1305.199951171875,1297.5,263457.0
TATASTEEL_20260515_1000,TATASTEEL,2026-05-15 10:00:00,high,218.9199981689453,218.94000244140625,219.25,218.6999969482422,560385.0,218.91000366210938,218.7899932861328,218.97000122070312,218.61000061035156,401982.0,218.83999633789062,217.82000732421875,219.0800018310547,217.5399932861328,831640.0,217.8800048828125,216.8000030517578,218.07000732421875,216.27999877929688,1642005.0,216.86000061035156,217.08999633789062,217.22000122070312,216.25,2056928.0,217.08999633789062,216.60000610351562,217.27999877929688,216.4600067138672,2033962.0,216.6999969482422,217.00999450683594,217.19000244140625,216.5500030517578,624861.0,216.97000122070312,216.4499969482422,216.97000122070312,216.0500030517578,1231784.0,216.33999633789062,216.77999877929688,217.4499969482422,216.19000244140625,2182779.0,216.77000427246094,216.8000030517578,217.0,216.41000366210938,2765878.0
DLF_20260515_0930,DLF,2026-05-15 09:30:00,high,571.5,571.5999755859375,572.0,570.2000122070312,128149.0,571.6500244140625,571.5499877929688,571.7999877929688,570.5999755859375,50210.0,571.5,572.0,573.2000122070312,570.9500122070312,266715.0,572.0,571.9500122070312,572.6500244140625,570.9500122070312,91188.0,571.9500122070312,571.5999755859375,572.4000244140625,570.5,158868.0,571.5,571.4000244140625,571.75,570.5,90016.0,571.4000244140625,570.0499877929688,571.4000244140625,569.4500122070312,113993.0,570.25,569.4000244140625,570.9500122070312,568.5,125662.0,569.75,567.8499755859375,569.75,566.7000122070312,154674.0,567.1500244140625,567.4500122070312,568.6500244140625,566.6500244140625,168645.0
ADANIENSOL_20260515_0930,ADANIENSOL,2026-05-15 09:30:00,high,1317.5,1317.0,1325.800048828125,1316.0999755859375,97353.0,1316.800048828125,1316.699951171875,1319.0,1315.0999755859375,69690.0,1317.0,1317.5,1319.699951171875,1312.800048828125,80087.0,1317.5,1316.5999755859375,1319.300048828125,1314.5999755859375,96396.0,1318.4000244140625,1312.800048828125,1318.4000244140625,1311.5999755859375,83493.0,1312.5999755859375,1311.5,1313.0999755859375,1302.699951171875,127635.0,1311.5,1304.9000244140625,1312.199951171875,1303.0,92955.0,1305.9000244140625,1308.199951171875,1310.4000244140625,1304.300048828125,85338.0,1308.0,1307.5999755859375,1311.4000244140625,1303.699951171875,112985.0,1307.0999755859375,1305.0,1310.0,1303.9000244140625,193842.0
TATASTEEL_20260515_1100,TATASTEEL,2026-05-15 11:00:00,high,218.9199981689453,218.94000244140625,219.25,218.6999969482422,560385.0,218.91000366210938,218.7899932861328,218.97000122070312,218.61000061035156,401982.0,218.83999633789062,217.82000732421875,219.0800018310547,217.5399932861328,831640.0,217.8800048828125,216.8000030517578,218.07000732421875,216.27999877929688,1642005.0,216.86000061035156,217.08999633789062,217.22000122070312,216.25,2056928.0,217.08999633789062,216.60000610351562,217.27999877929688,216.4600067138672,2033962.0,216.6999969482422,217.00999450683594,217.19000244140625,216.5500030517578,624861.0,216.97000122070312,216.4499969482422,216.97000122070312,216.0500030517578,1231784.0,216.33999633789062,216.77999877929688,217.4499969482422,216.19000244140625,2182779.0,216.77000427246094,216.8000030517578,217.0,216.41000366210938,2765878.0
POLYCAB_20260515_1100,POLYCAB,2026-05-15 11:00:00,high,9174.5,9188.0,9194.5,9164.5,4417.0,9187.5,9198.0,9199.0,9182.0,3019.0,9195.5,9203.0,9212.0,9185.0,6648.0,9195.5,9166.0,9208.0,9150.5,5535.0,9166.0,9175.0,9179.5,9150.5,2739.0,9175.0,9167.5,9175.0,9155.0,3577.0,9171.5,9161.0,9176.0,9141.0,3109.0,9165.5,9138.5,9165.5,9119.0,5494.0,9138.0,9159.0,9163.0,9130.0,9676.0,9159.0,9165.0,9168.0,9137.0,16028.0
DLF_20260515_0930,DLF,2026-05-15 09:30:00,high,571.5,571.5999755859375,572.0,570.2000122070312,128149.0,571.6500244140625,571.5499877929688,571.7999877929688,570.5999755859375,50210.0,571.5,572.0,573.2000122070312,570.9500122070312,266715.0,572.0,571.9500122070312,572.6500244140625,570.9500122070312,91188.0,571.9500122070312,571.5999755859375,572.4000244140625,570.5,158868.0,571.5,571.4000244140625,571.75,570.5,90016.0,571.4000244140625,570.0499877929688,571.4000244140625,569.4500122070312,113993.0,570.25,569.4000244140625,570.9500122070312,568.5,125662.0,569.75,567.8499755859375,569.75,566.7000122070312,154674.0,567.1500244140625,567.4500122070312,568.6500244140625,566.6500244140625,168645.0
HAVELLS_20260515_1045,HAVELLS,2026-05-15 10:45:00,high,1205.9000244140625,1212.699951171875,1213.0,1205.300048828125,43074.0,1212.5,1210.0,1212.5,1208.5999755859375,16499.0,1210.199951171875,1208.9000244140625,1210.199951171875,1207.5,9293.0,1209.199951171875,1208.300048828125,1210.0,1206.0,10553.0,1208.300048828125,1206.4000244140625,1208.300048828125,1204.5,7427.0,1206.4000244140625,1210.199951171875,1211.300048828125,1205.5,15443.0,1209.699951171875,1217.4000244140625,1217.800048828125,1209.0,43088.0,1217.5999755859375,1211.199951171875,1217.5999755859375,1208.9000244140625,31664.0,1210.300048828125,1208.5,1211.300048828125,1206.5,17768.0,1208.5,1211.4000244140625,1211.9000244140625,1207.4000244140625,39930.0
HAVELLS_20260515_1200,HAVELLS,2026-05-15 12:00:00,high,1205.9000244140625,1212.699951171875,1213.0,1205.300048828125,43074.0,1212.5,1210.0,1212.5,1208.5999755859375,16499.0,1210.199951171875,1208.9000244140625,1210.199951171875,1207.5,9293.0,1209.199951171875,1208.300048828125,1210.0,1206.0,10553.0,1208.300048828125,1206.4000244140625,1208.300048828125,1204.5,7427.0,1206.4000244140625,1210.199951171875,1211.300048828125,1205.5,15443.0,1209.699951171875,1217.4000244140625,1217.800048828125,1209.0,43088.0,1217.5999755859375,1211.199951171875,1217.5999755859375,1208.9000244140625,31664.0,1210.300048828125,1208.5,1211.300048828125,1206.5,17768.0,1208.5,1211.4000244140625,1211.9000244140625,1207.4000244140625,39930.0
HAVELLS_20260515_1215,HAVELLS,2026-05-15 12:15:00,high,1205.9000244140625,1212.699951171875,1213.0,1205.300048828125,43074.0,1212.5,1210.0,1212.5,1208.5999755859375,16499.0,1210.199951171875,1208.9000244140625,1210.199951171875,1207.5,9293.0,1209.199951171875,1208.300048828125,1210.0,1206.0,10553.0,1208.300048828125,1206.4000244140625,1208.300048828125,1204.5,7427.0,1206.4000244140625,1210.199951171875,1211.300048828125,1205.5,15443.0,1209.699951171875,1217.4000244140625,1217.800048828125,1209.0,43088.0,1217.5999755859375,1211.199951171875,1217.5999755859375,1208.9000244140625,31664.0,1210.300048828125,1208.5,1211.300048828125,1206.5,17768.0,1208.5,1211.4000244140625,1211.9000244140625,1207.4000244140625,39930.0
HAVELLS_20260515_1145,HAVELLS,2026-05-15 11:45:00,high,1205.9000244140625,1212.699951171875,1213.0,1205.300048828125,43074.0,1212.5,1210.0,1212.5,1208.5999755859375,16499.0,1210.199951171875,1208.9000244140625,1210.199951171875,1207.5,9293.0,1209.199951171875,1208.300048828125,1210.0,1206.0,10553.0,1208.300048828125,1206.4000244140625,1208.300048828125,1204.5,7427.0,1206.4000244140625,1210.199951171875,1211.300048828125,1205.5,15443.0,1209.699951171875,1217.4000244140625,1217.800048828125,1209.0,43088.0,1217.5999755859375,1211.199951171875,1217.5999755859375,1208.9000244140625,31664.0,1210.300048828125,1208.5,1211.300048828125,1206.5,17768.0,1208.5,1211.4000244140625,1211.9000244140625,1207.4000244140625,39930.0
TATASTEEL_20260515_1245,TATASTEEL,2026-05-15 12:45:00,high,218.9199981689453,218.94000244140625,219.25,218.6999969482422,560385.0,218.91000366210938,218.7899932861328,218.97000122070312,218.61000061035156,401982.0,218.83999633789062,217.82000732421875,219.0800018310547,217.5399932861328,831640.0,217.8800048828125,216.8000030517578,218.07000732421875,216.27999877929688,1642005.0,216.86000061035156,217.08999633789062,217.22000122070312,216.25,2056928.0,217.08999633789062,216.60000610351562,217.27999877929688,216.4600067138672,2033962.0,216.6999969482422,217.00999450683594,217.19000244140625,216.5500030517578,624861.0,216.97000122070312,216.4499969482422,216.97000122070312,216.0500030517578,1231784.0,216.33999633789062,216.77999877929688,217.4499969482422,216.19000244140625,2182779.0,216.77000427246094,216.8000030517578,217.0,216.41000366210938,2765878.0
POLYCAB_20260515_1245,POLYCAB,2026-05-15 12:45:00,high,9174.5,9188.0,9194.5,9164.5,4417.0,9187.5,9198.0,9199.0,9182.0,3019.0,9195.5,9203.0,9212.0,9185.0,6648.0,9195.5,9166.0,9208.0,9150.5,5535.0,9166.0,9175.0,9179.5,9150.5,2739.0,9175.0,9167.5,9175.0,9155.0,3577.0,9171.5,9161.0,9176.0,9141.0,3109.0,9165.5,9138.5,9165.5,9119.0,5494.0,9138.0,9159.0,9163.0,9130.0,9676.0,9159.0,9165.0,9168.0,9137.0,16028.0
POLYCAB_20260515_1345,POLYCAB,2026-05-15 13:45:00,high,9174.5,9188.0,9194.5,9164.5,4417.0,9187.5,9198.0,9199.0,9182.0,3019.0,9195.5,9203.0,9212.0,9185.0,6648.0,9195.5,9166.0,9208.0,9150.5,5535.0,9166.0,9175.0,9179.5,9150.5,2739.0,9175.0,9167.5,9175.0,9155.0,3577.0,9171.5,9161.0,9176.0,9141.0,3109.0,9165.5,9138.5,9165.5,9119.0,5494.0,9138.0,9159.0,9163.0,9130.0,9676.0,9159.0,9165.0,9168.0,9137.0,16028.0
HAVELLS_20260515_1345,HAVELLS,2026-05-15 13:45:00,high,1205.9000244140625,1212.699951171875,1213.0,1205.300048828125,43074.0,1212.5,1210.0,1212.5,1208.5999755859375,16499.0,1210.199951171875,1208.9000244140625,1210.199951171875,1207.5,9293.0,1209.199951171875,1208.300048828125,1210.0,1206.0,10553.0,1208.300048828125,1206.4000244140625,1208.300048828125,1204.5,7427.0,1206.4000244140625,1210.199951171875,1211.300048828125,1205.5,15443.0,1209.699951171875,1217.4000244140625,1217.800048828125,1209.0,43088.0,1217.5999755859375,1211.199951171875,1217.5999755859375,1208.9000244140625,31664.0,1210.300048828125,1208.5,1211.300048828125,1206.5,17768.0,1208.5,1211.4000244140625,1211.9000244140625,1207.4000244140625,39930.0
HAVELLS_20260515_1330,HAVELLS,2026-05-15 13:30:00,high,1205.9000244140625,1212.699951171875,1213.0,1205.300048828125,43074.0,1212.5,1210.0,1212.5,1208.5999755859375,16499.0,1210.199951171875,1208.9000244140625,1210.199951171875,1207.5,9293.0,1209.199951171875,1208.300048828125,1210.0,1206.0,10553.0,1208.300048828125,1206.4000244140625,1208.300048828125,1204.5,7427.0,1206.4000244140625,1210.199951171875,1211.300048828125,1205.5,15443.0,1209.699951171875,1217.4000244140625,1217.800048828125,1209.0,43088.0,1217.5999755859375,1211.199951171875,1217.5999755859375,1208.9000244140625,31664.0,1210.300048828125,1208.5,1211.300048828125,1206.5,17768.0,1208.5,1211.4000244140625,1211.9000244140625,1207.4000244140625,39930.0
